项目编号,notice_id,项目名称,招采类型,区域_省,区域_市,区域_县区,采购人_名称,采购人_项目联系人,采购人_项目联系方式,采购代理机构_名称,采购代理机构_项目联系人,采购代理机构_项目联系方式,关键词
YH2021-11041,8514386,绍兴市鲁迅小学教室组合家具采购项目,公开招标,浙江省,绍兴市,越城区,绍兴市鲁迅小学,金伟梁,0575-89197600,耀华建设管理有限公司,叶梦雯,0575-88776697,教室
QTFSCG2021-140-1,8516874,青田县江南实验学校智慧书法教室,竞争性磋商,浙江省,丽水市,青田县,青田县江南实验学校,刘利军,0578-6519207,浙江建航工程咨询有限公司,王珊屏,0578-6837246,教室
YH2021-11040,8517787,绍兴市鲁迅小学专用教室课桌椅等采购项目,公开招标,浙江省,绍兴市,越城区,绍兴市鲁迅小学,金伟梁,0575-89197600,耀华建设管理有限公司,叶梦雯,0575-88776697,教室
绍柯采[2021]5303号,8525052,绍兴市柯桥区鲁迅外国语学校华齐路校区实验室及录播教室设备采购项目,公开招标,浙江省,绍兴市,柯桥区,绍兴市柯桥区鲁迅外国语学校,许老师,0575-84810648,浙江建诚工程管理咨询有限公司,于玲娜,13516709700,教室
FHGQZB(2021)240D,8527165,锦屏中学迁建工程功能教室设施提升项目,,浙江省,,,宁波市奉化区教育发展投资有限责任公司,,,宁波敬信项目管理咨询有限公司,,,教室
HCTZ-2022-0001,8528317,洪家中心校新课改教室空间改造工程（家具采购）重新招标,竞争性磋商,浙江省,台州市,椒江区,台州市椒江区洪家街道中心小学,吴建伟,0576-88011530,华诚工程咨询集团有限公司,陈俊翰,18358696665,教室
HQZB-PYCG-2022011402,8531070,平阳县教育局新型教学空间（普通教室）建设（第二批）,竞争性磋商,浙江省,温州市,平阳县,平阳县教育局,林老师,0577-58102976,杭州华旗招标代理有限公司,官先生,15088585331,教室
OBANG2021-FW032-ZFCG0323-2,8533140,婺城南山省级自然保护区科普宣教室展陈项目,公开招标,浙江省,金华市,婺城区,金华婺城南山省级自然保护区管理中心,问青青,0579-82369183,欧邦工程管理集团有限公司,徐律律,0579-82050038,教室
HZJS2022-001,8533173,龙泉市第四中学报告厅、微格教室椅子项目,竞争性磋商,浙江省,丽水市,龙泉市,龙泉市第四中学,刘向平,0578-7769013,杭州建设工程造价咨询有限公司,周庆,13757822117,教室
RTZFCG-2022-001,8712832,余杭区凤凰小学教室智能灯光改造项目,公开招标,浙江省,杭州市,余杭区,杭州市余杭区凤凰小学,楼国红,18057171835,杭州瑞拓工程咨询有限公司,林卓尔,0571-89282811,教室
YJZFCG2022-074,8715537,杭州市临平区育才实验小学（城西一中）专用教室项目,公开招标,浙江省,杭州市,临平区,杭州市临平区育才实验小学,蒋方圆,0571-89170097,杭州益嘉工程咨询代理有限公司,朱海强,0571-89020072,教室
浙华元22-05-01,8717576,诸暨市公办学校教室智能照明系统（三期）改造项目,,浙江省,,,诸暨市越融网络科技有限公司,,,浙江华元工程咨询有限公司,,,教室
BSZB2022-BZZC073,8718242,浙江交通职业技术学院19间智慧教室环境改造工程,竞争性磋商,浙江省,,,浙江交通职业技术学院,李老师,0571-88486652,杭州博实招标代理有限公司,刘春萍,0571-56928685,教室
DTCG20220510032,8718901,洞头区职教中心迁建二期工程音乐、美术教室及体育馆等设备,公开招标,浙江省,温州市,洞头区,温州市洞头区教育局,唐海宝,0577-56723925,华诚工程咨询集团有限公司,吴新昌,13867751389,教室
绍柯采[2022]1332号,8720274,绍兴市柯桥区鲁迅外国语学校华齐路校区功能教室、食堂、办公等家具招标采购项目,公开招标,浙江省,绍兴市,柯桥区,绍兴市柯桥区鲁迅外国语学校,许老师,13957566487,绍兴市柯桥区公共资源交易中心,郑纤芷,0575-84125967,教室
HZHC-2022(D)004,8720715,湖州市教育局仁北初中创新学科教室采购项目,竞争性磋商,浙江省,湖州市,,湖州市教育局,沈老师,0572-3390581,华诚工程咨询集团有限公司,朱旭霞,0572-2170106,教室
ZJYGZF[2022]031号,8721673,淳安县明眸工程（普通教室照明改造）采购项目,公开招标,浙江省,杭州市,淳安县,淳安县教育局,王建武,0571-64810060,浙江阳光联合会计师事务所（普通合伙）,高文峰,0571-64813937,教室
DQZFCG-2022-G08,8723612,德清县凤栖小学计算机教室设备采购项目,公开招标,浙江省,湖州市,德清县,德清县凤栖小学,吕老师,0572-8378887,德清县政府采购中心,史先生,0572-8061059,教室
LYTSZC2022-037,8725510,2022年龙游县中小学教室灯光标准化改造采购项目,公开招标,浙江省,衢州市,龙游县,龙游县教育局,文建,0570-7025903,龙游天顺招标代理有限公司,郑波,13757013889,教室
HBZFCG-2022-016,8725805,杭州市临平区星光幼儿园共7个专用教室：上环桥园区新建4个（美术、生活、阅读、建构）；星辰园区增加2个（美术、科学）；星光园区增加1个（木工）。项目,公开招标,浙江省,杭州市,临平区,杭州市临平区星光幼儿园,柴丽华,0571-86372510,海标工程管理有限公司,王达,13705815521,教室
ZJJY2022-029,8727550,湖州仁北初中专用教室设施设备采购项目,竞争性磋商,浙江省,湖州市,,湖州市教育局,沈旭峰,0572-3390581,浙江金业管理咨询有限公司,冯申申,2557283,教室
HJZCD-2022-018,8727643,浙江省杭州学军中学信息化项目(新课改信息通用教室),公开招标,浙江省,杭州市,,浙江省杭州学军中学,何老师,13588713582,杭州市教育发展服务中心,陈青群,0571-85886279,教室
CTZB-2022040531,8732583,浙江中医药大学滨文南校区多媒体教室改造,竞争性磋商,浙江省,,,浙江中医药大学,朱老师,0571-86658185,浙江省成套招标代理有限公司,毛松翁,13588106919,教室
WLCG-2022-06-GK,8733680,温岭市各中小学校教室多媒体设备,公开招标,浙江省,台州市,温岭市,温岭市教育技术中心,莫老师,0576-86223011,温岭市政府采购中心,金黎晓,0576-86107311,教室
ZJ-2261027,8734397,浙江中医药大学富春校区教室录播系统改造项目,竞争性磋商,浙江省,,,浙江中医药大学,卢老师,0571-86633153,浙江国际招投标有限公司,董福利,0571-81061818,教室
SXPZ-H20220509CKY,8735775,新昌县梅渚小学专用教室设备采购项目,公开招标,浙江省,绍兴市,新昌县,新昌县澄潭镇中心学校,张老师,13905850388,绍兴平准招标代理有限公司,陈女士,0575-83176688,教室
WMU-2022924,8738117,温州医科大学求知楼新建4间大教室、3间小教室所需课桌椅等家具采购,公开招标,浙江省,,,温州医科大学,王老师,0577-86689891,温州正风招标代理有限公司,诸葛晓斌,0577-88119278,教室
ZJ-2240714,8738901,浙江工业大学微格教室建设,公开招标,浙江省,,,浙江工业大学,教育科学与技术学院陈老师,13588220701,浙江国际招投标有限公司,汪懿婷,0571-89731843,教室
NBJX2022084G,8739462,镇海区仁爱教育集团九龙湖分校微格教室及合班教室设施设备采购项目,公开招标,浙江省,宁波市,镇海区,宁波市镇海区仁爱中学,汝春强,0574-86282033,宁波建兴招标有限公司,吴健,15306674276,教室
ZJ-2270456-02,8741642,2022年度“智慧教室”建设项目等监理服务采购项目,竞争性磋商,浙江省,,,浙江省社会主义学院,王老师,0571-89082965,浙江国际招投标有限公司,周群峰葛珍妮,0571-810618210571-81061804,教室
LYJY2022024,8660746,龙游县泽雅学校创省标准化学校专用教室设备硬件采购项目,公开招标,浙江省,衢州市,龙游县,龙游县泽雅学校,吴老师,0570-7681690,龙游久圆工程管理有限公司,李斐,0570-7032353,教室
LYCG2022GK006,8663281,龙游县第三中学录播教室设备采购,公开招标,浙江省,衢州市,龙游县,龙游县第三中学,王老师,0570-7026597,衢州市公共资源交易龙游县分中心,金先生,0570-7261771,教室
HJZCD-2022-010,8665578,杭州市交通职业高级中学教室多媒体建设项目,公开招标,浙江省,杭州市,,杭州市交通职业高级中学,尹老师,0571-87603642,杭州市教育发展服务中心,杨老师,0571-85886279,教室
CBNB-20223078G磋,8666316,宁波第二技师学院教室多媒体设备项目,竞争性磋商,浙江省,宁波市,,宁波第二技师学院,阎老师,13645747572（非工作时间勿扰）,宁波中基国际招标有限公司,陈露,0574-87425512,教室
CBNB-20226144G,8669370,宁波市惠贞书院高中部实验室设备采购项目（通用技术、心理教室设备采购及安装）,公开招标,浙江省,宁波市,江北区,宁波市惠贞书院,于老师,0574-55872007,宁波中基国际招标有限公司,陈健、孔晖,0574-87425570、15306685552,教室
HYHZ2022-41（湖财采确临【2022】1632号）,8672005,湖州市爱山小学教育集团奥体校区录播教室、创客中心项目,公开招标,浙江省,湖州市,,湖州市教育局,施老师,0572-2056716,浙江华耀建设咨询有限公司,张治中,0572-2198738,教室
HXGQCG2022-GK-002,8672008,桐庐县教育发展有限公司新建（扩建）学校培智学校专用教室设备采购及安装项目,,浙江省,,,,,,,,,教室
fyyj2022006,8673146,场口镇中专用教室实验设备采购项目,,浙江省,,,杭州富阳医疗教育发展有限公司,,,杭州广厦建筑咨询有限公司,,,教室
NBJX2022062G,8676663,镇海区仁爱中学教育集团九龙湖分校报告厅及合班教室座椅采购项目,公开招标,浙江省,宁波市,镇海区,宁波市镇海区仁爱中学,汝春强,0574-86282033,宁波建兴招标有限公司,吴健,15306674276,教室
QSZB-Z(G)-C22102(CS),8677127,振华路校区多功能教室改造,竞争性磋商,浙江省,,,浙江开放大学（浙江省社区教育指导中心、浙江老年开放大学）,孙老师,0571-88052557,浙江求是招标代理有限公司,陈培特,0571-87666115,教室
HZCPM-2022-0402,8681785,2022年江山市中小学教室灯光采购项目,公开招标,浙江省,衢州市,江山市,江山市教育技术中心,赵老师,0570-4031815,杭州市建设工程管理集团有限公司,郑先生,0570-4024758,教室
ZJJY-20211227-03,8683868,研讨型智慧教室建设,公开招标,浙江省,,,浙江财经大学,汪老师,0571-86731939,浙江建友工程咨询有限公司,徐梦遥,0571-56075179,教室
QSZB-Z(F)-B22082(GK),8686269,2022年度浙江科技学院教室与考场设备维修维护项目,公开招标,浙江省,,,浙江科技学院,章老师,0571-85070122,浙江求是招标代理有限公司,杨立凯,0571-87670301,教室
ZJJYZB-2022-ZC07,8686524,德清县凤栖小学校园电台录播教室项目项目,公开招标,浙江省,湖州市,德清县,德清县凤栖小学,吕老师,0572-8378887,浙江金业管理咨询有限公司,宣吉飞,0572-8223578,教室
ZJXSJ2022043,8686733,衢州市柯城区新华第二小学专业教室设备采购项目,公开招标,浙江省,衢州市,柯城区,衢州市柯城区新华第二小学（筹）,毛继华,0570-3358100,浙江新世纪工程咨询有限公司,徐俊,0570-8589008,教室
ZJXSJ2022049,8686736,衢州市柯城区新华第二小学创客教室设备采购项目,公开招标,浙江省,衢州市,柯城区,衢州市柯城区新华第二小学（筹）,毛继华,0570-3358100,浙江新世纪工程咨询有限公司,徐俊,0570-8589008,教室
XSCL2022-ZCY005,8688062,萧山区残疾人综合服务中心远程教学教室建设采购项目,公开招标,浙江省,杭州市,萧山区,杭州市萧山区残疾人联合会,钟晨,0571-82659580,浙江经济建设投资咨询中心有限公司,孙先生,15267126588,教室
YH-ZFCG-2022-006,8688448,玉环市沙门初级中学专用教室、普通教室课桌椅项目,公开招标,浙江省,台州市,玉环市,玉环市沙门初级中学,干海晨,0576-87161041,玉环市公共资源交易中心,吴承轩,0576-87130229,教室
ZB2022011a,8690992,浙江师范大学16幢108教室升级建设虚拟教研室设备和软件项目,公开招标,浙江省,,,浙江师范大学,管老师,0579-82283936,浙江师范大学,盛老师,0579-82283040,教室
JHCG2022G-009,8694444,金华职业技术学院数字化线上线下混合教室项目,公开招标,浙江省,金华市,,金华职业技术学院,俞悦,0579-82392627,金华市政府采购中心,张女士,0579-83186120,教室
ZJXL-HSZ-202202,8695068,浙江省杭州第四中学江东学校合班教室及会议室设备项目,公开招标,浙江省,杭州市,,杭州第四中学江东学校,虞志军,0571-86575070,浙江信镧建设工程咨询有限公司,胡校芳,0571-87967630,教室
HCCG2021-106,8696087,良渚新城二小普通教室书包柜采购项目,公开招标,浙江省,杭州市,余杭区,杭州市余杭区人民政府良渚街道办事处,宋继峰,0571-88778309,浙江宏诚工程咨询管理有限公司,余华斌,13615814944,教室
HCCG2022-107,8696088,良渚新城二小专用教室采购项目,公开招标,浙江省,杭州市,余杭区,杭州市余杭区人民政府良渚街道办事处,宋继峰,0571-88778309,浙江宏诚工程咨询管理有限公司,余华斌,13615814944,教室
ZJZX-HZZGH-2022001,8697981,湖州市总工会开发区综合服务中心一期（职工中专）宿舍家具、专业教室课桌椅采购安装项目,公开招标,浙江省,湖州市,,湖州市总工会,俞文忠,0572-2822650,浙江致信招标代理有限公司,殷旦丹,13819279206,教室
xzcg-2022-036（招）,8699622,天台中学创新实验室和专用教室采购项目,公开招标,浙江省,台州市,天台县,天台中学,王华荣,13968579399,浙江祥泽招标代理有限公司,庞雅晴,18257632485,教室
TLZHGQCG2022-GK-003,8699922,桐庐县富春未来城学校（暂名）实验室及专用教室设备采购及安装项目,,浙江省,,,桐庐县富春未来城开发建设有限公司,,,杭州桐庐正宏建设管理有限公司,,,教室
ZHJS（ZC)-2022-006,8700812,亭桥学校专用教室及其他家具,公开招标,浙江省,嘉兴市,嘉善县,浙江师范大学附属嘉善实验学校亭桥小学,金剑杰,15957338981,浙江中合工程管理有限公司,吴宇婷,0573-84457627,教室
JJWL22030142,8702343,温岭市2022年学校教室灯光改造项目,公开招标,浙江省,台州市,温岭市,温岭市教育局,戴海君,0576-86216050,建经投资咨询有限公司,陈冠茜、刘峰男,0576-81761088、0576-81761086,教室
HXZFCG2022-GK-001,8704475,2022年桐庐县中小学教室护眼灯改造项目,公开招标,浙江省,杭州市,桐庐县,桐庐县教育后勤服务中心,王群英,0571-56981805,浙江华夏工程管理有限公司,奚发军,0571-64618125,教室
TY2022-HW090-ZFCG090,8704530,金华实验中学学前教育实训基地（幼儿园录播教室设备）项目,,浙江省,金华市,婺城区,金华实验中学,徐先生,18657923123,金华市天盈财务咨询有限公司,夏翰宇,0579-82474058,教室
HZZFCG-2022-037,8621809,杭州市交通职业高级中学教室讲台和桌椅采购项目,公开招标,浙江省,杭州市,,杭州市交通职业高级中学,严老师,0571-88032143,杭州市公共资源交易中心（杭州市政府采购中心、杭州市建设工程交易中心）,余洋,0571-85085458,教室
YH-ZFCG-2022-001,8623258,玉环市沙门初级中学合班教室及报告厅桌椅项目,公开招标,浙江省,台州市,玉环市,玉环市沙门初级中学,干海晨,0576-87161041,玉环市公共资源交易中心,吴承轩,0576-87130229,教室
0625-22218164,8625318,浙江工商大学多媒体教室教学设备和桌椅,公开招标,浙江省,,,浙江工商大学,王老师,0571-28008654,浙江省国际技术设备招标有限公司,吴东嶂,0571-85860825,教室
ZJZC-227016,8626136,骆驼中心学校（静远小学）功能教室配套设备采购项目,公开招标,浙江省,宁波市,镇海区,宁波市镇海区骆驼中心学校,陆怡,0574-86592922,浙江中创招投标有限公司,徐驰、唐前进、郑瀚,0574-87179083,教室
ZJJY-20220301,8626290,玉环市芦浦中心小学综合楼专用教室普教仪器采购项目,公开招标,浙江省,台州市,玉环市,玉环市芦浦中心小学,陈老师,0576-87461606,浙江建友工程咨询有限公司,林英坚,0576-81715809,教室
DTCG20220324024,8627849,特殊儿童社会适应训练多功能教室,公开招标,浙江省,温州市,洞头区,温州市洞头区残疾人联合会,叶先生,13858836132,杭州华旗招标代理有限公司,郑金,13868768632,教室
2022HCDL031,8631408,嘉兴市辅成教育集团教室空调配电工程,竞争性磋商,浙江省,嘉兴市,南湖区,嘉兴市辅成教育集团,戚胜明,0573-83593107,浙江禾城工程管理有限责任公司,李斌,0573-82062595,教室
HCCG2022-102,8631990,金家渡小学专用教室设备采购项目,公开招标,浙江省,杭州市,余杭区,杭州市余杭区人民政府良渚街道办事处,宋继峰,0571-88778309,浙江宏诚工程咨询管理有限公司,余华斌,13615814944,教室
HCCG2022-104,8634107,金家渡小学普通教室设施设备采购项目,公开招标,浙江省,杭州市,余杭区,杭州市余杭区人民政府良渚街道办事处,宋继峰,0571-88778309,浙江宏诚工程咨询管理有限公司,余华斌,13615814944,教室
FHGQZB(2022)046D,8636103,溪口镇湖山新城区块教育产业园功能教室及实验教室设备采购项目,,浙江省,,,宁波市雪窦开发投资集团有限公司,,,宁波国咨工程造价咨询有限公司,,,教室
ZJ-2240704,8636586,朝晖校区东配楼教室及部分办公用房改造工程,竞争性磋商,浙江省,,,浙江工业大学,余老师、陈老师,0571-88320640,浙江国际招投标有限公司,汪懿婷,0571-89731843,教室
CTZB-2022030170,8641150,湖州市教育局爱山小学奥体校区公共教学楼专用教室设备项目,公开招标,浙江省,湖州市,,湖州市教育局,朱老师,0572-2398593,浙江省成套招标代理有限公司,小俞,0572-2275857,教室
ZJJY-20220302,8641158,玉环市芦浦中心小学综合楼专用教室多媒体设备采购项目,公开招标,浙江省,台州市,玉环市,玉环市芦浦中心小学,陈老师,0576-87461606,浙江建友工程咨询有限公司,林先生,0576-81715809,教室
RTZFCG-2022-015,8643858,黄湖镇中心小学改扩建专用教室设备采购项目,公开招标,浙江省,杭州市,余杭区,杭州市余杭区黄湖镇人民政府,游庆,0571-86230832,杭州瑞拓工程咨询有限公司,林卓尔,0571-89282811,教室
0625-22215137（重新招标）,8645077,杭州医学院临安校区公共多媒体教室改造扩声系统,公开招标,浙江省,,,杭州医学院,游老师,18758011966,浙江省国际技术设备招标有限公司,莫战威、汪飞君、马菊美、孙翔,0571-85864737,教室
HZZFCG-2022-053,8646701,杭州第四中学新湾学校报告厅及合班教室座椅采购项目,公开招标,浙江省,杭州市,,浙江省杭州第四中学新湾学校,张老师,0571-86657767,杭州市公共资源交易中心（杭州市政府采购中心、杭州市建设工程交易中心）,余洋,0571-85085458,教室
湖财采确临[2022]2072号,8647885,爱山小学奥体校区专业教学楼专业教室设备采购项目,公开招标,浙江省,湖州市,,湖州市教育局,施先生,0572-2056716,浙江诚律工程管理有限公司,俞炎彬,0572-2020159,教室
HYZFCG-2022-005,8649413,良渚申遗南山区块配套小学（西溪小学）工程专用教室设备采购项目,公开招标,浙江省,杭州市,余杭区,杭州市余杭区瓶窑镇人民政府,洪笈笈,0571-86230832,浙江华耀建设咨询有限公司,富超群,0571-89172010,教室
CTZB-2022040096,8650953,浙江金融职业学院汇学厅、汇萃厅、汇研厅智慧教室改造项目,竞争性磋商,浙江省,,,浙江金融职业学院,金璐璐,0571-86739070,浙江省成套招标代理有限公司,汪利峰,15168318003,教室
HXGQCG2022-GK-003,8659690,桐庐县教育发展有限公司新建（扩建）学校横村初级中学专用教室及培智学校图书一体化项目,,浙江省,,,桐庐县教育发展有限公司,,,浙江华夏工程管理有限公司,,,教室
0625-22217326,8660431,浙江工业大学朝晖校区新教楼人文学院专业实验室、外语语音室及部分专用教室改造工程项目,竞争性磋商,浙江省,,,浙江工业大学,余老师、杨老师,0571-88320640、88320545,浙江省国际技术设备招标有限公司,李良君、朱淅,0571-85860255,教室
JHCG2021C-055-C01,8534369,金华市婺城区乾西乡中心小学教室、专用教室及办公室家具项目,公开招标,浙江省,金华市,,金华市婺城区乾西乡中心小学,张政科,0579-89007701,金华市政府采购中心,祝先生,0579-83187200,教室
绍柯采[2021]5318号,8544108,绍兴市柯桥区鲁迅外国语学校华齐路校区教室、教师办公室家具招标采购项目,公开招标,浙江省,绍兴市,柯桥区,绍兴市柯桥区鲁迅外国语学校,许老师,13957566487,绍兴市柯桥区公共资源交易中心,郑纤芷,0575-84125967,教室
FHGQZB(2021)239D-1,8544216,奉化区锦屏中学迁建工程学科教室设施设备项目,,浙江省,,,宁波市奉化区教育发展投资有限责任公司,,,宁波敬信项目管理咨询有限公司,,,教室
HJZCD-2022-001,8544878,浙江省杭州第四中学新湾学校专用教室设施设备项目,公开招标,浙江省,杭州市,,浙江省杭州第四中学新湾学校,张老师,0571-86575070,杭州市教育发展服务中心,杨老师,0571-85886279,教室
JHHX2022-HW01022-ZFCG03,8549679,金华市婺城区教育局幼儿园教室家具采购与安装项目,公开招标,浙江省,金华市,婺城区,金华市婺城区教育局,叶晓明,0579-82306791,金华市恒信招标代理有限公司,诸葛慧,0579-83189380,教室
绍柯采[2021]5414号,8552819,柯岩中心小学（竹林小学）扩建工程、柯岩中心小学扩建工程—智慧书法教室采购项目,公开招标,浙江省,绍兴市,柯桥区,绍兴市柯桥区柯岩中心小学,徐老师,0575-84314100,浙江翔实建设项目管理有限公司,朱大力,0575-88976697/13588575683,教室
GTXJ（采购）-21201,8555209,仙居县下各镇中心小学学科教室建设设备采购,公开招标,浙江省,台州市,仙居县,仙居县下各镇中心小学,张国勇,13968540996,浙江广通工程咨询有限公司,朱城森,18329095776,教室
信源采招[2022]第5001号,8556102,镇海教师进修学校迁建工程教室用品采购项目,公开招标,浙江省,宁波市,镇海区,宁波市镇海教师进修学校,张海波,0574-86281711,宁波信源工程管理有限公司,宁波信源工程管理有限公司负责人,0574-27884808,教室
HZJT-2022002,8559667,褚家漾小学专用教室设备采购及安装项目,公开招标,浙江省,湖州市,南浔区,湖州师范学院南浔附属小学,吴先生,0572-3025556,湖州建通工程管理有限公司,曹女士,0572-3950002,教室
ZJMY(采)2021333,8561401,禇家漾小学多功能教室系统及设备采购项目,公开招标,浙江省,湖州市,南浔区,湖州师范学院南浔附属小学,吴先生,15088339156,浙江明业项目管理有限公司,杨文娟,0572-2075988,教室
ZJMY(采)2021332,8567154,褚家漾小学多功能报告厅、会议室、教室办公室等设备及家具采购项目,公开招标,浙江省,湖州市,南浔区,湖州师范学院南浔附属小学,吴先生,15088339156,浙江明业项目管理有限公司,杨文娟,0572-2075988,教室
LYCG2022XJ002,8568736,龙游县职教中心建设项目意匠楼显示屏与舞蹈教室设备采购,询价,浙江省,衢州市,龙游县,龙游县教育发展有限公司,杨老师,0570-7010592,衢州市公共资源交易龙游县分中心,金先生,0570-7261771,教室
ZJWS2022-HYSSXX01,8571507,黄岩区实验小学专业教室及图书阅览室设备采购项目,公开招标,浙江省,台州市,黄岩区,黄岩区实验小学,黄先生,0576-89180812,浙江五石中正工程咨询有限公司,周丽,0576-88781913,教室
JHHX2022-HW02032-ZFCG07,8572180,金华市婺城区教育局教室LED灯光改造采购与安装项目,公开招标,浙江省,金华市,婺城区,金华市婺城区教育局,叶晓明,0579-82306791,金华市恒信招标代理有限公司,陈聪,0579-83223007,教室
JHHX2022-HW01022-ZFCG03-CZ01,8581210,金华市婺城区教育局幼儿园教室家具采购与安装项目,公开招标,浙江省,金华市,婺城区,金华市婺城区教育局,叶晓明,0579-82306791,金华市恒信招标代理有限公司,诸葛慧,0579-83189380,教室
WZZF2022(ZC)-02-016（CS）,8581556,设计学院智慧教室建设,竞争性磋商,浙江省,温州市,,温州职业技术学院,左老师,0577-86680027,温州正风招标代理有限公司,鲁方勇,15356870776,教室
JHHX2022-HW01023-ZFCG04,8587909,金华市婺城区教育局幼儿园专用教室家具采购与安装项目,公开招标,浙江省,金华市,婺城区,金华市婺城区教育局,叶晓明,0579-82306791,金华市恒信招标代理有限公司,诸葛慧,0579-83189380,教室
CGZX（CS）-2022-002,8596590,浙江工商大学教工路校区东院9号楼教室改造工程,竞争性磋商,浙江省,,,浙江工商大学,朱老师、钱老师,0571-28877852、0571-28008656,浙江省成套招标代理有限公司,张柳霞,0571-85830297,教室
云志正招2022010号,8604746,云和三中学生宿舍及功能教室改造工程家具采购项目,公开招标,浙江省,丽水市,云和县,云和县第三中学,吴老师,13735947223,云和县志正招标代理有限公司,叶丽红,15058693950,教室
信源采招[2022]第5002号,8609687,镇海区蛟川新建小学（暂名）一期项目功能教室设备项目,公开招标,浙江省,宁波市,镇海区,宁波市镇海区蛟川中心学校,沈家裕,0574-55839606,宁波信源工程管理有限公司,宁波信源工程管理有限公司负责人,0574-27884808,教室
ZJZBC-GK-22-9009,8610129,杭州市中策职业学校钱塘学校教室课桌椅采购项目,公开招标,浙江省,杭州市,,杭州市中策职业学校钱塘学校,童立立,0571-81990315,浙江省建设工程设备招标有限公司,胡越凡,0571-87630283,教室
YH-ZFCG-2022-004,8610513,玉环市芦浦中心小学综合楼专用教室专用桌椅柜采购项目,竞争性磋商,浙江省,台州市,玉环市,玉环市芦浦中心小学,陈敬中,0576-87461606,玉环市公共资源交易中心,吴承轩,0576-87130229,教室
浙亿云采2022-024号,8612235,云和县实验小学分校科学教室桌椅等设备采购项目,询价,浙江省,丽水市,云和县,云和县实验小学,陈海波,0578-5539678,浙江亿丰工程管理有限公司,练建荣,0578-5538879,教室
HZZFCG-2022-016,8613946,杭州第四中学新湾学校食堂家具和教室课桌椅采购项目,公开招标,浙江省,杭州市,,浙江省杭州第四中学新湾学校,张老师,0571-86657767,杭州市公共资源交易中心（杭州市政府采购中心、杭州市建设工程交易中心）,顾敏洁,0571-85085029,教室
云五石招2022002号,8613988,云和县实验小学精品录播教室校园电视台项目,询价,浙江省,丽水市,云和县,云和县实验小学,陈海波,0578-5539678,浙江五石中正工程咨询有限公司,陈水荣,13625783980,教室
RTZFCG-2022-018-1,8616019,杭州市余杭区大禹小学教室智能灯光改造采购项目,公开招标,浙江省,杭州市,余杭区,杭州市余杭区大禹小学,姚文杰,0571-88671702,杭州瑞拓工程咨询有限公司,林卓尔,0571-89282811,教室
JHHX2022-HW03072-ZFCG23,8616933,金华实验中学学前教育实训基地幼儿园教室桌椅采购与安装项目,竞争性磋商,浙江省,金华市,婺城区,金华实验中学,徐先生,18657923123,金华市恒信招标代理有限公司,陈聪,0579-82779007,教室
HZZFCG-2022-038,8621660,杭州市交通职业高级中学阶梯教室和报告厅桌椅采购项目,公开招标,浙江省,杭州市,,杭州市交通职业高级中学,卢老师,0571-88032224,杭州市公共资源交易中心（杭州市政府采购中心、杭州市建设工程交易中心）,沈祥燕,0571-85085415,教室
JSCG2022021(G),8795603,国开实验学校（暂名）中小学功能教室专用家具采购项目,公开招标,浙江省,嘉兴市,嘉善县,嘉善县惠民小学,江光明,0573-84645034,嘉善县公共资源交易中心,陆俊余,0573-84129502,教室
CXZFCG[2022]1136号,8795817,慈溪市白沙路街道湖滨实验幼儿园教室家具、玩具及厨房配套设备等采购项目,公开招标,浙江省,宁波市,慈溪市,慈溪市人民政府白沙路街道办事处,胡老师,0574-63993274,宁波中基国际招标有限公司,方芸,0574-88090063,教室
WZZF2022(ZC)-05-099（CS）,8796096,安防学院单层临时钢结构用房（教室临时周转房）工程项目,竞争性磋商,浙江省,温州市,,浙江安防职业技术学院,王老师,0577-85103996,温州正风招标代理有限公司,诸葛晓斌,13506646781,教室
AJJXGK2022-014B,8797480,安吉县教育保障中心STEAM教室建设政府采购项目,公开招标,浙江省,湖州市,安吉县,安吉县教育保障中心,俞宁,0572-5305180,安吉匠心工程咨询有限责任公司,郎正,0572-5210252,教室
0625-22217709-1,8797672,浙江旅游职业学院基于“双碳”目标的教室节能系统项目,竞争性磋商,浙江省,,,浙江旅游职业学院,邵仲铭,0571-82838178,浙江省国际技术设备招标有限公司,龚超、朱淅、沈佩文,0571-85860839,教室
LYCG2022GK013,8798116,龙游县华岗中学音美教室改造项目,公开招标,浙江省,衢州市,龙游县,龙游县华岗中学,俞老师,0570-7551832,衢州市公共资源交易龙游县分中心,金先生,0570-7261771,教室
DL[2022]088,8798722,杭州职业技术学院教学楼教室电容量扩建项目一期（空调一期安装配套项目）,竞争性磋商,浙江省,杭州市,,杭州职业技术学院,余老师,0571-56700063,建正工程咨询有限公司,高工,15168398900,教室
CGZX（CS）-2022-013,8798915,浙江工商大学教工路校区东院多媒体教室改造,竞争性磋商,浙江省,,,浙江工商大学,朱老师、钱老师,0571-28877852、0571-28008656,浙江省成套招标代理有限公司,张柳霞,0571-85830297,教室
YG2022-FW4226-ZFCG109（202205187）,8798922,金华职业技术学院智慧教室配套设备采购项目,公开招标,浙江省,金华市,,金华职业技术学院,盛胜航,18858932480,浙江金华阳光招标代理有限公司,朱文倩,0579-83180511,教室
ZJWS-GS202212G,8800626,浙江工商职业技术学院2022年思齐楼部分阶梯教室家具采购项目,公开招标,浙江省,,,浙江工商职业技术学院,张老师,0574-87422007,浙江五石中正工程咨询有限公司,毛工、付工,0574-83896188,教室
4017112022009-CJCG22026,8803134,永康市第三中学校园网络监控改造、专用教室装备、路灯采购项目,公开招标,浙江省,金华市,永康市,永康市第三中学,陈中华,0579-89269797,金华市创佳工程项目管理有限公司,王飞,0579-87447077,教室
Z-GBLC20220530002,8803157,温州市鹿城区教育局2022年温馨教室空调采购（标段一、标段二）项目,公开招标,浙江省,温州市,鹿城区,温州市鹿城区教育技术中心,王丁于,0577-88262858,温州市公共资源交易中心鹿城分中心,林旭菁,0577-55889861,教室
建湖【2022】采040号（重招）,8803527,湖州市爱山小学教育集团青阳校区教室及周围环境改造项目,竞争性磋商,浙江省,湖州市,吴兴区,湖州市爱山小学教育集团,柳月春,0572-2590856,建正工程咨询有限公司,丁伟成,0572-21212225,教室
临[2022]1451号,8804145,临安区2022年学校零星维修项目 （临安区中小学教室灯光改造工程）,公开招标,浙江省,杭州市,临安区,临安区教育保障中心,王前锋,0571-61087200,浙江中际工程项目管理有限公司,苏丽亚,139898852220571-63811976,教室
QSZB-Z(G)-C22203(CS),8805470,浙江机电职业技术学院海宁校区智慧教室项目（一期）,竞争性磋商,浙江省,,,浙江机电职业技术学院,郁老师,0571-56098079,浙江求是招标代理有限公司,温瑶,0571-87666115,教室
HZSYCG2022-030,8805937,杭州市临平区吴昌硕实验学校专用教室设备采购项目,公开招标,浙江省,杭州市,临平区,杭州市临平区吴昌硕实验学校,戴海锋,0571-89388678,杭州尚远招标代理有限公司,陆月琴,15869183365,教室
HJZCD-2022-030,8806764,杭州高级中学钱塘学校配套信息化及专用教室设备（电子班牌二期、空天信特色教学空间）项目,公开招标,浙江省,杭州市,,杭州高级中学钱塘学校,储老师,18957127095,杭州市教育发展服务中心,陈青群,0571-85886279,教室
DJG202206,8806777,衢州市实验学校教育集团第五实验学校科学、美术、音乐专用教室设备项目,公开招标,浙江省,衢州市,,衢州市实验学校教育集团,任老师,18157032690,衢州市教育事业发展中心,陈老师,0570-3037570，15268093997,教室
NBDT-20220601,8806846,教室护眼灯采购项目,公开招标,浙江省,宁波市,大榭开发区,宁波大榭开发区第一小学,胡鹏杰,0574-86749793,宁波大唐工程咨询有限公司,蔡锋,0574-86838862,教室
ZRZJZFCG2022-001,8807365,杭州市临平区临平第三小学专用教室项目,公开招标,浙江省,杭州市,临平区,杭州市临平区临平第三小学,张建强,0571-89165066,浙江中瑞之江工程造价咨询有限公司,邱宇凡,15267124647,教室
ZJCT6-HQZ2022-06,8808231,浙江省杭州第七中学两校区教室护眼灯光改造项目,公开招标,浙江省,杭州市,,浙江省杭州第七中学,唐琪洋,13867474579,浙江省成套工程有限公司,杨钰沛,0571-85152323,教室
HZGZ2022-23,8808379,湖州市教育局爱山小学奥体校区办公设备、计算机教室、语言教室设备采购项目,公开招标,浙江省,湖州市,,湖州市教育局,施先生,0572-2056716,湖州市政府采购中心,顾女士,0572-2220020,教室
Z-GB20220615006,8808686,2022年温州市瓯海区温馨教室空调采购,公开招标,浙江省,温州市,瓯海区,温州市瓯海区教育装备与勤工俭学管理中心,黄老师,0577-88591801,温州市公共资源交易中心瓯海分中心,程雅,0577-88506528,教室
WCCG-2022-06,8808921,2022年民生实事“温馨教室”新风设备及安装,竞争性磋商,浙江省,温州市,文成县,文成县教育局,徐苏红,0577-59010198,文成县公共资源交易中心,胡慧初,13868689075,教室
浙亿云采2022-034号,8809254,云和县云和中学精品录播教室改造采购项目,询价,浙江省,丽水市,云和县,云和县云和中学,张纪宇,0578-5528584,浙江亿丰工程管理有限公司,练建荣,0578-5538879,教室
ZB2022047,8809339,浙江师范大学微格教室灯光、音响设备及设备运维软件项目,公开招标,浙江省,,,浙江师范大学,归老师,13665883173,浙江师范大学,唐老师,0579-82282246,教室
ZHJS（ZC)-2022-008,8809965,专用教室仪器设备,公开招标,浙江省,嘉兴市,嘉善县,浙江师范大学附属嘉善实验学校亭桥小学,金剑杰,15957338981,浙江中合工程管理有限公司,吴宇婷,0573-84457627,教室
JHCG2022C-017,8810151,上海财经大学浙江学院智慧教室建设项目,公开招标,浙江省,金华市,,上海财经大学浙江学院,王迅,0579-82166067,金华市政府采购中心,祝先生,0579-83187200,教室
YH2022-05003-2,8811186,绍兴市稽山中学音乐、美术多功能学科教室建设项目,公开招标,浙江省,绍兴市,,绍兴市稽山中学,钱峰,0575-88068441,耀华建设管理有限公司,叶梦雯,0575-88776697,教室
龙政采F2022-47G18,8812258,龙泉市第五中学教室课桌椅、书包柜、学生宿舍床及观摩座椅等设备采购（第一期）,公开招标,浙江省,丽水市,龙泉市,龙泉市教育局,叶先生,0578-7763731,浙江大兴建设项目管理咨询有限公司,陈龙娇,0578-2172379/15869248566,教室
信源采招[2022]第5006号,8813362,镇海区职业教育中心学校智慧教室建设项目,公开招标,浙江省,宁波市,镇海区,宁波市镇海区职业教育中心学校,虞春杰,0574-86680811,宁波信源工程管理有限公司,宁波信源工程管理有限公司负责人,0574-27884808,教室
HZJZCG-2022(006),8813399,长兴县教育信息技术中心智慧教室多媒体设备采购项目,竞争性磋商,浙江省,湖州市,长兴县,长兴县教育信息技术中心,王老师,0572-6670756,湖州建致招标代理有限公司,梁工,18267218855,教室
xzcg-2022-038(招),8769281,天台县实验小学始丰校区专用教室设备设施采购项目,公开招标,浙江省,台州市,天台县,台州市天台县实验小学,陈宇,13968572293,浙江祥泽招标代理有限公司,庞雅晴,18257632485,教室
JACG2022006,8771306,新建海宁市龙渡小学（暂定名）项目学校录播教室、校园电视台设备采购,公开招标,浙江省,嘉兴市,海宁市,海宁市许村镇中心小学,沈铭年,0573-87566831,浙江建安工程管理有限公司,潘先生,15990303311,教室
HJZCD-2022-023,8771970,杭州市电子信息职业学校教学专业设备(教室和办公室智慧灯光达标)项目,公开招标,浙江省,杭州市,,杭州市电子信息职业学校,汤老师,18094700437,杭州市教育发展服务中心,陈青群,0571-85886279,教室
浙亿云采2022-035号（第二次）,8772107,云和县2022年中小学教室采光照明提标改造项目,询价,浙江省,丽水市,云和县,云和县教育技术中心,汤老师,0578-5525129,浙江亿丰工程管理有限公司,练建荣,0578-5538879,教室
HZHQ-WZJY-202201,8772276,温州市2022年“温馨教室”工程市直属学校新风采购项目,公开招标,浙江省,温州市,,温州市教育局本级（事业）,周先生,0577-88636309,杭州华旗招标代理有限公司,黄鹏,13676441826,教室
HXCG-ZF-2022-022B,8773394,安吉县教育保障中心学科教室建设（第二次）,公开招标,浙江省,湖州市,安吉县,安吉县教育保障中心,俞宁,0572-5305180,浙江华夏工程管理有限公司,陈晨,0572-5601977,教室
HNCG2022038,8773628,海宁市鹃湖学校办公家具、专用教室家具、课桌椅,公开招标,浙江省,嘉兴市,海宁市,海宁市鹃湖学校,沈老师,0573-87275010,海宁市政府采购中心,顾女士,0573-87657732,教室
GSZFCG-2022-004,8774941,杭州市拱墅区部分学校台式计算机及计算机教室静电地板、布线采购项目,公开招标,浙江省,杭州市,拱墅区,杭州市拱墅区教育发展服务中心,朱频,0571-88259339,杭州市公共资源交易中心拱墅分中心,周工,58237130,教室
HZY2022013,8776581,智慧教室建设（设备）,公开招标,浙江省,杭州市,,杭州职业技术学院,寿老师,0571-56700034,浙江五石中正工程咨询有限公司,赵工,0571-86098397,教室
杭政采分-2022-01190,8777121,教室维修,竞争性磋商,浙江省,杭州市,,杭州市电子信息职业学校,骆冠,0571-88921503,浙江科佳工程咨询有限公司,费龙生,0571-88198126,教室
JSCG2022018(G),8777194,国开实验学校（暂名）中小学功能教室教学专用设备采购项目,公开招标,浙江省,嘉兴市,嘉善县,嘉善县惠民小学,江光明,0573-84645034,嘉善县公共资源交易中心,陆俊余,0573-84129502,教室
TZFD(2022)-1038号,8778970,台州职业技术学院智慧教室项目,公开招标,浙江省,台州市,,台州职业技术学院,何向华,0576-88665117,台州锋鼎工程项目管理有限公司,蔡小素,13385863781,教室
HJZCD-2022-038,8779021,杭州市开元商贸职业学校专用设备（教室多媒体教学设备更新）项目,公开招标,浙江省,杭州市,,杭州市开元商贸职业学校,林老师,18758571818,杭州市教育发展服务中心,陈老师,0571-85886279,教室
DQZFCG-2022-G15,8782871,计算机教室更新采购项目,公开招标,浙江省,湖州市,德清县,"德清县第三中学(1),德清县雷甸镇初级中学(2),德清县实验学校(3),德清县第五中学(4),德清县秋山中学(5)","鲍志刚(1),沈森(2),居乐业(3),宣建峰(4),姚云锋(5)","0572-8352822(1),0572-8367717(2),0572-8838007(3),0572-8409560(4),0572-8354960(5)",德清县政府采购中心,邱桑桑,0572-8061059,教室
QZYCG2022-086,8783149,衢州职业技术学院智慧教室改造1项目,公开招标,浙江省,衢州市,,衢州职业技术学院,朱老师,0570-8069227,衢州职业技术学院,徐友洪,0570-8068411,教室
JD2022BF-084,8784710,建德市中小学教室灯光智能控制改造采购项目,公开招标,浙江省,杭州市,建德市,建德市教育发展服务中心,张先生,0571-64792679,杭州博望建设工程招标投标代理有限公司,沈女士,18258128652,教室
DTCG20220602048,8786357,2022年洞头区民生实事“温馨教室”空调设备及安装,,浙江省,温州市,洞头区,"温州市洞头区鹿西中心小学(1),温州市洞头区城关小学(2),温州市洞头区东屏中心小学(3),温州市洞头区霓屿义务教育学校(4),温州市洞头区实验小学(5),温州市洞头区灵昆第一小学(6),温州市洞头区灵南小学(7),温州市洞头区城关第一小学(8),温州市洞头区城关第二小学(9)","刘玉飞(1),张永辉(2),倪帮斌(3),柯位晶(4),蔡继华(5),林晓坚(6),张克(7),郭建华(8),孙兴勇(9)","0577-63415218(1),0577-56728686(2),0577-56728150(3),0577-59386028(4),0577-59391900(5),0577-86980222(6),0577-86986800(7),0577-56728922(8),0577-56728175(9)",温州市洞头区政务服务中心,郑女士,13868768632,教室
JHZZ2022-ZFCG-0607,8786397,进化镇中教学楼教室、走廊综合改造,竞争性磋商,浙江省,杭州市,萧山区,萧山区进化镇初级中学,葛立春,0571-82456796,浙江省建设工程设备招标有限公司,谢益操,15988861129,教室
诸暨博开2022-06-01,8786470,浣江小学教育集团行知小学艺术教室（专用教室）及相关空间布展采购项目,公开招标,浙江省,绍兴市,诸暨市,诸暨市暨阳街道浣江小学教育集团,徐鹏飞,13606852201,诸暨博开项目管理有限公司,张爱超,13989573703,教室
QTFSCG2022--046,8787046,青田县职业技术学校教室智慧纳米黑板采购（二次）,公开招标,浙江省,丽水市,青田县,青田县职业技术学校,周景毅,0578-6020017,丽水建兴项目咨询管理有限公司,吴丽聪,13884339998,教室
HJZCD-2022-042,8787495,杭州市源清中学教育综合楼室内工程（学科教室提升与改造）项目,公开招标,浙江省,杭州市,,杭州市源清中学,唐老师,0571-88955773,杭州市教育发展服务中心,吴老师,0571-85886279,教室
诸广和2022-06-26,8788181,诸暨市公办中学教室新风系统租赁服务项目,,浙江省,绍兴市,诸暨市,诸暨市教育体育局,杨炜,0575-87014649,诸暨广和工程管理服务有限公司,徐招红,0575-87911619,教室
NBITC-202250081GCE,8788294,浙江工商职业技术学院2022年智慧教室装修项目,竞争性磋商,浙江省,,,浙江工商职业技术学院,张老师,0574-87422007,宁波市国际招标有限公司,吴婧、王孟、王文超,0574-87388504,教室
CBZJ-20223031G,8788383,姜山镇中小学2022年教室智慧照明采购项目,公开招标,浙江省,宁波市,鄞州区,宁波市鄞州区姜山镇教育研究辅导室,张老师,0574-88070521,浙江中基正采管理咨询有限公司,林工、陈工,0574-87425408,教室
HJZCD-2022-029,8788846,杭州高级中学钱塘学校配套信息化及专用教室设备(实验室三期)项目,公开招标,浙江省,杭州市,,杭州高级中学钱塘学校,储老师,18957127095,杭州市教育发展服务中心,陈青群,0571-85886279,教室
BJJYJ-ZKGK2022-0613,8789894,杭州市滨江区教育局下属学校2022年功能教室采购项目,竞争性磋商,浙江省,杭州市,滨江区,杭州市滨江区教育局,詹立军,0571-87702040,浙江浙坤工程管理有限公司,沈荣伟,15869158391,教室
HQZB-PYCG-2022060601,8790942,平阳县2022年“温馨教室”工程学校新风采购及安装,公开招标,浙江省,温州市,平阳县,平阳县教育局,林老师,0577-63886371,杭州华旗招标代理有限公司,官先生,15088585331,教室
WZZS-2022053001,8791051,温州市瓯海区第一高级中学教学楼教室、教师办公室装修和体育馆三楼地木板改造工程,竞争性磋商,浙江省,温州市,,温州市瓯海区第一高级中学,胡老师,0577-59395155,温州众晟工程管理有限公司,陈强强,13575441808/0577-88722889,教室
QCGZ2022009,8791420,衢州学院智慧教室二期采购项目,公开招标,浙江省,衢州市,,衢州学院,徐先生,0570-8015036,衢州市政府采购中心,姜先生,0570-3891220,教室
QSZB-Z(H)-B22203(CS),8792180,马克思主义学院思政教育主题智慧教室项目,竞争性磋商,浙江省,,,浙江金融职业学院,施老师,18958092424,浙江求是招标代理有限公司,杨立凯,0571-87670301,教室
DTCG20220609049,8792492,2022年洞头区民生实事“温馨教室”新风采购及安装,公开招标,浙江省,温州市,洞头区,"温州市洞头区鹿西中心小学(1),温州市洞头区东屏中心小学(2),温州市洞头区霓屿义务教育学校(3),温州市洞头区灵昆第一小学(4),温州市洞头区灵南小学(5)","刘玉飞(1),倪帮斌(2),柯位晶(3),林晓坚(4),张克(5)","0577-63415218(1),0577-56728150(2),0577-59386028(3),0577-86980222(4),0577-86986800(5)",杭州华旗招标代理有限公司,郑金,13868768632,教室
SXDC2022-04-15,8792624,绍兴市公安局视频电教室采购项目,公开招标,浙江省,绍兴市,,绍兴市公安局,杜工,13735376605,绍兴达城项目管理有限公司,费明明,13185500076,教室
龙政采F2022-41G15,8792726,龙泉市第五中学实验教室、人文教室及科学仪器等设备采购（第一期）,公开招标,浙江省,丽水市,龙泉市,龙泉市教育局,叶先生,0578-7763731,浙江大兴建设项目管理咨询有限公司,陈龙娇,0578-2172379,教室
HJZCD-2022-039,8793981,杭州市美术职业学校阶梯教室改造项目,公开招标,浙江省,杭州市,,杭州市美术职业学校,诸葛老师,0571-86809207,杭州市教育发展服务中心,杨老师,0571-85886279,教室
PYCG220607018,8794022,平阳县2022年“温馨教室”工程学校空调设备采购及安装,公开招标,浙江省,温州市,平阳县,平阳县教育局,林老师,0577-63886371,平阳县招标投标中心,黄女士,0577-63193038,教室
JJWL22030142-1,8795262,温岭市2022年学校教室灯光改造项目（重新发布）,公开招标,浙江省,台州市,温岭市,温岭市教育局,戴海君,0576-86216050,建经投资咨询有限公司,陈冠茜、刘峰男,0576-81761088、0576-81761087,教室
0625-22217579,8742944,浙江旅游职业学院智慧教室三期装修工程项目,竞争性磋商,浙江省,,,浙江旅游职业学院,邵仲铭,0571-82838178,浙江省国际技术设备招标有限公司,龚超、朱淅、沈佩文,0571-85860839,教室
DQZFCG-2022-G13,8744056,专用教室设备采购项目,公开招标,浙江省,湖州市,德清县,德清县凤栖小学,吕老师,0572-8378887,德清县政府采购中心,邱桑桑,0572-8061059,教室
云五石招2022006号,8745474,云和县实验小学美术教室设备项目,询价,浙江省,丽水市,云和县,云和县实验小学,陈海波,0578-5539678,浙江五石中正工程咨询有限公司,陈水荣,13625783980,教室
HJZCD-2022-035,8747581,杭州市中策职业学校钱塘学校教室多媒体设备,公开招标,浙江省,杭州市,,杭州市中策职业学校钱塘学校,杨老师,057188313238,杭州市教育发展服务中心,吴老师,0571-85886279,教室
HZZFCG-2022-080,8748277,杭四中吴山校区阶梯教室LED大屏及视频会议系统升级改造项目,公开招标,浙江省,杭州市,,浙江省杭州第四中学,朱文瑜,0571-89730258,杭州市公共资源交易中心（杭州市政府采购中心、杭州市建设工程交易中心）,沈祥燕,0571-85085415,教室
LCZ2022-003-1,8748396,2022年丽水职业技术学院全校教室空调项目,公开招标,浙江省,丽水市,,丽水职业技术学院,凌源,0578-2296463,丽水市公共资源交易中心,周亚婷,0578-2292507,教室
CXCG202205004,8749222,长兴县教育信息技术中心2022年中小学计算机教室采购项目,公开招标,浙江省,湖州市,长兴县,长兴县教育信息技术中心,周建宇,13567261119,长兴县政府采购中心,邹振利,0572-6265653,教室
ZJSX01202205003,8749904,洞头区第一中学三谦楼、教学楼厕所、教室餐厅装修工程,竞争性磋商,浙江省,温州市,,温州市洞头区第一中学,陈刚,0577-59398505,浙江首信工程项目管理有限公司,郭世坤,0577-63369999,教室
YG2022-HW4153-ZFCG085,8749962,金华市金东区实验小学科学教室设备采购项目,公开招标,浙江省,金华市,金东区,金华市金东区实验小学,周先生,0579-82323813,浙江金华阳光招标代理有限公司,张女士,0579-83182137,教室
YH2022-05055,8749979,绍兴市越城区教育体育局实验教学与功能教室数字化管理平台项目,公开招标,浙江省,绍兴市,越城区,绍兴市越城区教育体育局,潘老师,0575-88317021,耀华建设管理有限公司,凌静,0575-88776697,教室
信源采招[2022]第5007号,8752879,镇海区仁爱教育集团九龙湖分校功能教室设备采购项目,公开招标,浙江省,宁波市,镇海区,宁波市镇海区仁爱中学,赵伟巍,0574-86282036,宁波信源工程管理有限公司,宁波信源工程管理有限公司负责人,0574-27884808,教室
ZSJY-2-2022-ZFCG-008,8754173,浙江舟山群岛新区旅游与健康职业学院明德楼智慧教室建设,公开招标,浙江省,舟山市,,浙江舟山群岛新区旅游与健康职业学院,宣敏,0580-3661395,舟山建银工程造价审查中心有限公司,竺波迪,0580-3057716,教室
HZHC-2022(A)060,8754362,浙江省湖州中学湖中采购教学区教室整体更新改造项目,竞争性磋商,浙江省,湖州市,,浙江省湖州中学,张根荣,0572-2133017,华诚工程咨询集团有限公司,张燕,0572-2170108,教室
JNJKC2022（GK)-023号,8754367,景宁畲族自治县教育局城区小学普通教室智能灯光升级改造项目,公开招标,浙江省,丽水市,景宁畲族自治县,景宁畲族自治县教育局,陈海平,0578-5082328,浙江建科工程项目管理有限公司,姚亚,0578-5083626,教室
BSZB2022-AZZG072,8755801,浙江交通职业技术学院19间教室智慧化改造项目,公开招标,浙江省,,,浙江交通职业技术学院,李老师,0571-88486652,杭州博实招标代理有限公司,刘春萍,0571-56928685,教室
QSZB-Z(H)-C22149(GK),8756410,振华路校区多功能教室改造设备,公开招标,浙江省,,,浙江开放大学（浙江省社区教育指导中心、浙江老年开放大学）,孙老师,0571-88052557,浙江求是招标代理有限公司,陈培特,0571-87666115,教室
QTJZCG2022-002-1,8756830,青田中学食堂多联机及教室天花机空调采购项目,公开招标,浙江省,丽水市,青田县,青田中学,林金荣,0578-6503012,青田县政府采购招投标交易中心,黄鲁慧,0578-6818395,教室
WMU-2022913,8757730,智慧教室建设设备,公开招标,浙江省,,,温州医科大学,陈老师,0577-86689938,温州正风招标代理有限公司,诸葛晓斌,13506646781,教室
CBNB-20223108G,8758036,2022年宁波市教育局直属学校教室智能护眼灯改造项目,公开招标,浙江省,宁波市,,宁波市教育服务与电化教育中心,陈老师,0574-87680682,宁波中基国际招标有限公司,陈露,0574-87425512,教室
ZJJY-20220506,8758086,玉环市芦浦中心小学综合楼专用教室普教仪器采购项目(重新),公开招标,浙江省,台州市,玉环市,玉环市芦浦中心小学,陈老师,0576-87461606,浙江建友工程咨询有限公司,林先生,0576-81715809,教室
YC采字（2022）05-01,8759512,2022年织里镇中学艺术教育专用教室、教师办公室、学生餐厅等装饰装修项目,竞争性磋商,浙江省,湖州市,吴兴区,湖州市吴兴区织里镇中学,郑铭泽,0572-3922501,亿诚建设项目管理有限公司,曹婷婷,0572-2266897,教室
诸广和2022-06-15,8761204,诸暨市公办学校教室智能照明系统（三期）租赁服务项目,,浙江省,绍兴市,诸暨市,诸暨市教育体育局,杨炜,0575-87014649,诸暨广和工程管理服务有限公司,徐招红,0575-87911619,教室
诸政采2022-05-06,8761959,诸暨市职教中心智慧教室及数字媒体中心建设采购项目,公开招标,浙江省,绍兴市,诸暨市,浙江省诸暨市职业教育中心,金允昌,0575-87399739,诸暨市公共资源交易中心,金泽成,0575-87253015,教室
BJJYJ-ZKGK2022-0605,8763270,杭州市滨江区教育局下属学校2022年创新教室采购项目,竞争性磋商,浙江省,杭州市,滨江区,杭州市滨江区教育局,詹立军,0571-87702040,浙江浙坤工程管理有限公司,沈荣伟,15869158391,教室
绍柯采[2022]1385号,8764111,柯岩中心小学（竹林小学）扩建工程专用教室家具采购项目,公开招标,浙江省,绍兴市,柯桥区,绍兴市柯桥区柯岩中心小学,徐兴伟,0575-85605002,绍兴市柯桥区公共资源交易中心,郑纤芷,0575-84125967,教室
浙江新顺2022-04-15,8764244,诸暨市中学（含职校）教室新风系统项目,,浙江省,,,诸暨市越融网络科技有限公司,,,浙江新顺项目管理有限公司,,,教室
HZSY20220517,8764945,安吉县中小学教室护眼灯光改造项目,公开招标,浙江省,湖州市,安吉县,安吉县教育保障中心,教育保障中心,0572-5305180,湖州盛远招标代理有限公司,陈俐玮,13385728189,教室
SMCG-2022-GK006,8765509,三门县教育局2022年薄改资金小学电脑教室设备采购项目,公开招标,浙江省,台州市,三门县,台州市三门县教育局,马超群,0576-83337616,三门县公共资源交易中心,三门县政府采购办公室,0576-83326608,教室
ZC2022003,8767202,温馨教室空调,公开招标,浙江省,温州市,苍南县,苍南县教育局,李先生,0577-68715389,苍南县公共资源交易中心,钟鸿,0577-68708512,教室
QTCG-GK-2022-137,8767821,杭州钱塘区教育局下属学校专用教室设备采购项目,公开招标,浙江省,杭州市,钱塘区,杭州市钱塘区教育局,陶老师,0571-82987598,杭州市钱塘区行政审批局,张女士,0571-83697086,教室
NBITC-202250068GCE,8768739,浙江工商职业技术学院思齐楼部分阶梯教室装修项目,竞争性磋商,浙江省,,,浙江工商职业技术学院,张老师,0574-87422007,宁波市国际招标有限公司,吴婧、王孟、王文超,0574-87388504,教室
ZJ-2270456-08,8769141,浙江省社会主义学院智慧教室建设项目,公开招标,浙江省,,,浙江省社会主义学院,杨老师,0571-89082978,浙江国际招投标有限公司,周群峰葛珍妮,0571-810618210571-81061804,教室
ZJKXJZXCS1050162022002,8866360,实验小学教室改造工程信息化设备采购项目,竞争性磋商,浙江省,金华市,浦江县,浦江县实验小学,石先生,13506585560,浙江科信联合工程项目管理咨询有限公司,宁女士,0579-84123833、15888959272,教室
dscg-lx临[2022]740号-101,8866546,兰溪市教育局2022年“明眸摘镜”工程中小学教室灯光改造项目,公开招标,浙江省,金华市,兰溪市,兰溪市教育局,肖栩,0579-88821052,浙江鼎晟工程项目管理有限公司,周媚佳,0579-88900658,教室
LGCG2022209,8868103,龙港市学校教室交互式多媒体采购项目,公开招标,浙江省,温州市,龙港市,龙港市社会事业局,吴回盘,0577-59911852,温州韩诚工程项目管理有限公司,陈女士,15805872316,教室
Z-GBLC20220713002,8869215,温州市鹿城区教育局2022年温馨教室空调采购项目（重）,公开招标,浙江省,温州市,鹿城区,温州市鹿城区教育技术中心,王丁于,0577-88262858,温州市公共资源交易中心鹿城分中心,郑思,0577-88660187,教室
QSZB-Z(H)-B22308(CS),8869272,智慧教室家具,竞争性磋商,浙江省,,,浙江经济职业技术学院,李老师,13575792972,浙江求是招标代理有限公司,杨立凯,0571-87670301,教室
Z-GB202207130158,8870520,永嘉县瓯北第三中学阶梯教室家具项目,公开招标,浙江省,温州市,永嘉县,永嘉县瓯北第三中学,金老师,13706784082,永嘉县市招投标中心,李女士,0577-67269817,教室
dscg-lx[2022]697号-099,8870900,2022年兰溪市中小学专用教室及实验器材,公开招标,浙江省,金华市,兰溪市,兰溪市教育局电化教育与教学仪器管理站,项林兵,0579-88821135,浙江鼎晟工程项目管理有限公司,吴晨曦,0579-88900658,教室
ZJHY-SZ2022018,8871131,嵊州中学嵊州中学通用技术金工、木工专用教室设施设备采购项目项目,公开招标,浙江省,绍兴市,嵊州市,嵊州中学,周韩可,0575-83277928,浙江华耀建设咨询有限公司,黄平,13967510268,教室
HZJS2022-002,8871909,龙泉市第四中学扩建工程实验室等功能教室仪器设备采购,竞争性磋商,浙江省,丽水市,龙泉市,龙泉市第四中学,刘向平,0578-7769013,杭州建设工程造价咨询有限公司,周庆,13757822117,教室
ZJJG-OB20220627,8872498,浙江警官职业学院语音教室改造项目,公开招标,浙江省,,,浙江警官职业学院,程煦,13706705535,欧邦工程管理集团有限公司,周波,0571-85122486,教室
ZJJG-OB20220618-2,8872499,浙江警官职业学院教学场所信息化升级及智慧教室建设项目（第二次招标）,公开招标,浙江省,,,浙江警官职业学院,王钧,0571-86918765,欧邦工程管理集团有限公司,周波,0571-85122486,教室
NBITC-202230739G,8873274,宁波市镇海中学采购物理创新探究教室项目,公开招标,浙江省,宁波市,镇海区,宁波市镇海中学,金洪森,0574-86294005,宁波市国际招标有限公司,陈琴,0574-87629230,教室
LCZ2022-023,8874730,丽中莲城书院、莲都区城西学校（初中部）教学项目（教师计算机、学生计算机教室）项目,公开招标,浙江省,丽水市,,丽水市教育技术中心,冯明敏,0578-2295373,丽水市公共资源交易中心,邓茜之,0578-2179551,教室
NBITC-202230533G,8874748,宁波开放大学多媒体教室、会议室设备采购及安装项目,公开招标,浙江省,宁波市,,宁波开放大学,乐老师,0574-87201106,宁波市国际招标有限公司,陈洋、严锋、吕赟、郑皓,0574-87520541,教室
NBITC-202230709GC,8875095,宁波市第二中学地理学科教室建设项目,竞争性磋商,浙江省,宁波市,,宁波市第二中学,徐老师,0574-87173511,宁波市国际招标有限公司,应波,0574-87629230,教室
YH2022-07024,8875651,越州中学录播教室改造项目,公开招标,浙江省,绍兴市,,越州中学,蔡老师,0575-88133636,耀华建设管理有限公司,叶梦雯,0575-88776697,教室
ZJXC-2022CS070501-1,8875660,浙江师范大学附属中学信息技术学科专业教室和人工智能教室改造工程（重新招标）,竞争性磋商,浙江省,,,浙江师范大学,谢老师,0579-82291759,浙江欣成工程咨询有限公司,范静,19883907172,教室
ZJXC-2022G052601,8875722,浙江师范大学附属中学教室、办公室用空调采购项目,公开招标,浙江省,,,浙江师范大学,王老师,0579-82291759,浙江欣成工程咨询有限公司,刘立凡,18329020345,教室
绍柯采[2022]2208号,8877233,华舍小学蓝天实验学校旧楼改造智慧书法教室工程,公开招标,浙江省,绍兴市,柯桥区,绍兴市柯桥区华舍小学,宋老师,13626870623,杭州龙发建设工程招标代理有限公司,孟工,0575-88126631、13588503929,教室
绍柯采[2022]2214号,8877235,华舍小学蓝天实验学校旧楼改造创客教室工程,公开招标,浙江省,绍兴市,柯桥区,绍兴市柯桥区华舍小学,宋老师,13626870623,杭州龙发建设工程招标代理有限公司,孟工,0575-88126631、13588503929,教室
CNDL2022208,8877930,2022年度苍南县教育局智能教室改造采购项目,公开招标,浙江省,温州市,苍南县,苍南县教育局,杨宗畅,0577-64759152,浙江鼎力工程项目管理有限公司,苍南分公司——蔡成汉,0577-68756669,教室
WZLCZB（W）-2022-07316,8878410,校园录播教室装修改造,公开招标,浙江省,温州市,,温州市洞头区第一中学,陈刚,0577-59398505,温州历程招标有限公司,郑永强、温碧霞,0577-89887322、13757727199,教室
2022-07-0055,8865344,浙江工业职业技术学院老年大学教室设备采购项目B,公开招标,浙江省,绍兴市,,浙江工业职业技术学院,陆皓人,0575-88009152,绍兴市公共资源交易中心,黄世杰,0575-88307028,教室
台财采确[2022]4115-4116号,8865534,台州学院教师教育学院书画教室设备采购项目,公开招标,浙江省,台州市,,台州学院本级,梁老师,0576-88660897,台州市建设咨询有限公司,陈先生,0576-88519890,教室
HQZB-RA-2022-41,8838666,2022年瑞安市电化教育与教育装备中心“温馨教室”工程新风设备采购,公开招标,浙江省,温州市,瑞安市,瑞安市电化教育与教育装备中心,金老师,0577-65809586,杭州华旗招标代理有限公司,王建涛,13738179364,教室
HZJSGLJH-HW2022008,8838719,金华市金东区孝顺镇中心小学“双减”应用场景特色教室项目,公开招标,浙江省,金华市,金东区,金华市金东区孝顺镇中心小学,孔永平,0579-82953301,杭州市建设工程管理集团有限公司,许俞利,18267923610,教室
浙亿云采2022-049号,8840975,云和县实验小学心理健康教室设备采购项目,询价,浙江省,丽水市,云和县,云和县实验小学,陈海波,0578-5539678,浙江亿丰工程管理有限公司,练建荣,0578-5535879,教室
DTCG20220629058,8842400,区元觉义校迁建工程人工智能创客教室建设,公开招标,浙江省,温州市,洞头区,温州市洞头区教育局,唐海宝,0577-56723925,温州市华明招标代理有限公司,齐贺,15088550610,教室
XHZFCG-2022-G-30,8843199,杭州市西湖职业高级中学教室监控系统提升改造建设项目,公开招标,浙江省,杭州市,西湖区,西湖区教育局下属学校,翁明华,0571-87327928,杭州市西湖区政府采购中心,邵一成,0571-87759375,教室
ZJXY-HZ2022-66,8843213,义桥二小教师办公室、教室改造工程,竞争性磋商,浙江省,杭州市,萧山区,萧山区义桥镇第二小学,韩斌,0571-82215805,浙江筑脸全过程工程咨询有限公司,冯刚锋,15205854844,教室
HJZCD-2022-057,8843837,杭州市源清中学教育综合楼室内工程（计算机专用教室建设）项目,公开招标,浙江省,杭州市,,杭州市源清中学,唐老师,13567123416,杭州市教育发展服务中心,杨老师,0571-85886279,教室
GS（采）2022-091,8843848,湖州市南浔区南浔锦绣实验学校教室空调采购及安装项目,公开招标,浙江省,湖州市,南浔区,湖州市南浔区南浔锦绣实验学校,毛友强,0572-3666526,杭州广厦建筑咨询有限公司,沈先生,0572-3065566,教室
JSS2022D037Q-1,8843860,江山观成实验学校专用教室设备采购项目,公开招标,浙江省,衢州市,江山市,江山观成实验学校,周老师,13757049872,江山市政府采购中心,王先生,0570-4031937,教室
ZZCG2022F-GK-145,8843864,浙江金融职业学院智慧教室建设项目,公开招标,浙江省,,,浙江金融职业学院,陈学将,0571-86766955,浙江省政府采购中心,孙心怡,0571-88907707,教室
LGCG2022194,8844223,龙港中学学科教室二期项目,公开招标,浙江省,温州市,龙港市,龙港中学,陈先生,13868830937,中纬工程管理咨询有限公司,杨先生,0577-68885883,教室
ZJJYDQ-2022-JC04,8844538,湖州市技师学院报告厅、室内篮球场、阶梯教室改造工程采购项目,竞争性磋商,浙江省,湖州市,德清县,湖州市技师学院,沈晓斌,0572-8420383,浙江金业管理咨询有限公司,宣吉飞,0572-8223578,教室
龙政采F2022-58C33,8844589,龙泉市中等职业学校教室多媒体设备采购项目,竞争性磋商,浙江省,丽水市,龙泉市,龙泉市中等职业学校,卓先生,0578-7212004,南越建设管理有限公司,潘先生,0578-7129658,教室
JHCG2022F-028C,8846426,金华职业技术学院智慧教室桌椅采购项目,公开招标,浙江省,金华市,,金华职业技术学院,盛胜航,0579-82266527,金华市政府采购中心,陈女士,0579-83171503,教室
TSCG202207024,8849519,泰顺县2022年“温馨教室”工程学校新风系统采购（重）,竞争性磋商,浙江省,温州市,泰顺县,泰顺县教育局,董直持,0577-67580600,杭州华旗招标代理有限公司,翁爱霜,17858065131,教室
ZJJSCG202207008,8849620,瑞安市第十中学功能教室及门卫室改造工程,竞争性磋商,浙江省,温州市,瑞安市,瑞安市第十中学,吴老师,0577-58805361,浙江嘉晟工程项目管理有限公司,孙冬慧,0577-66807765、13616663903,教室
绍柯采[2022]2121号,8850516,绍兴市柯桥区鲁迅外国语学校华齐路校区心理咨询室等专用教室设备装饰装修采购项目,公开招标,浙江省,绍兴市,柯桥区,绍兴市柯桥区鲁迅外国语学校,许老师,0575-84810648,浙江建诚工程管理咨询有限公司,于玲娜,13516709700,教室
JSS2022D040Q,8852357,江山市大溪滩小学专用教室设备及办公桌椅项目,公开招标,浙江省,衢州市,江山市,江山市大溪滩小学,祝先生,0570-4691710,江山市政府采购中心,王先生,0570-4031937,教室
ZJYC2022145(GK),8853734,温州理工学院滨海校区多媒体教室建设（二期）,公开招标,浙江省,温州市,,温州理工学院,李老师,0577-86680752,浙江乐诚工程咨询有限公司,王女士,18357703076,教室
ZJZM-2022-20（1）,8854192,嘉兴经济技术开发区2022年公办小学教室采光照明提标改造项目,公开招标,浙江省,嘉兴市,嘉兴开发区,嘉兴经济技术开发区、国际商务区管理委员会(教育文化体育局),计老师,0573-82208473,浙江中明工程咨询有限公司,张华,15356833792,教室
zhzb-2022-006(招),8854706,天台县特殊教育中心新校区教室设备采购项目,公开招标,浙江省,台州市,天台县,天台县特殊教育中心,范敏,0576-83868898,浙江卓宏建设项目管理有限公司,丁倩倩,18869993310,教室
JHJYCG2022002,8855322,金华市金东区教育体育局所属学校教室教学信息化服务项目,公开招标,浙江省,金华市,金东区,金华市金东区教育体育局,柳军才,0579-8912357,金华市教育技术和信息中心,陈老师,18367923128,教室
YH-ZFCG-2022-018（重）,8855371,玉环市陈屿中心小学合班、微格教室课桌椅项目,竞争性磋商,浙江省,台州市,玉环市,玉环市陈屿中心小学,林有益,0576-73870172,玉环市公共资源交易中心,吴承轩,0576-87130229,教室
云五石招2022010号,8855376,云和县实验小学国画书法教室项目,询价,浙江省,丽水市,云和县,云和县实验小学,陈海波,0578-5539678,浙江五石中正工程咨询有限公司,陈水荣,13625783980,教室
政府采购2022-05,8855765,嵊州市教育体育局(本级)录播教室设备项目,公开招标,浙江省,绍兴市,嵊州市,嵊州市教育体育局,孔樟军,0575-83022136,嵊州市公共资源交易中心,倪春红,0575-83360392,教室
JYZFCG2022-02,8856055,缙云县教育局（系统）中小学（幼儿园）教室多媒体政府采购项目,公开招标,浙江省,丽水市,缙云县,缙云县教育局（系统）,刘雄伟,13666552595,缙云县公共资源交易中心（政府采购中心）,应佩贞、祝家骏,0578-3014138,教室
ZJFZ-03082-2022,8856903,岱山县职业技术学校智慧教室建设项目,公开招标,浙江省,舟山市,岱山县,岱山县职业技术学校,叶富杰,0580-4486109,浙江方舟工程造价咨询有限公司,应巧,0580-2047557,教室
WQ2022174-ZFCG029,8857091,金华市第一中等职业学校旅游专业智慧教室建设项目,公开招标,浙江省,金华市,,金华市第一中等职业学校,李老师,18967412059,金华市万全招标代理有限公司,金雅珍,0579-82583386,教室
HJZCD-2022-059,8857415,浙江省杭州学军中学信息化项目(多功能教室全彩大屏)项目,公开招标,浙江省,杭州市,,浙江省杭州学军中学,何老师,0571-85000128,杭州市教育发展服务中心,杨老师,0571-85886279,教室
0625-22215606（重招）,8859465,杭州医学院研究生学习室工位和研究生教室桌椅项目,公开招标,浙江省,,,杭州医学院,谭老师,13819100597（0571-88215561）,浙江省国际技术设备招标有限公司,莫战威、汪飞君、马菊美、孙翔,0571-85864737,教室
ZZCG2022D-CS-138,8859467,浙江中医药大学滨文南校区多媒体教室建设工程项目,竞争性磋商,浙江省,,,浙江中医药大学,刘清明,0571-86658089,浙江省政府采购中心,戴宋琴,0571-88907768,教室
RTZFCG-2022-060,8859646,杭州市瓶窑中学教室智慧灯光项目,公开招标,浙江省,杭州市,余杭区,杭州市瓶窑中学,吴培玉,0571-88553327,杭州瑞拓工程咨询有限公司,林卓尔,0571-89282811,教室
HXCG-ZF-2022-034,8859979,凤凰中心幼儿园洗消间、教室卫生间设计施工一体化项目,竞争性磋商,浙江省,湖州市,安吉县,安吉县人民政府昌硕街道办事处,李先生,0572-5707367,浙江华夏工程管理有限公司,陈晨,0572-5601977,教室
HQZB-OHQ-2022061628,8819054,2022年温州市瓯海区中小学 “温馨教室”工程新风系统,公开招标,浙江省,温州市,瓯海区,温州市瓯海区教育装备与勤工俭学管理中心,黄老师,0577-88591801,杭州华旗招标代理有限公司,雷雪,13968911049,教室
CNDL2022166,8820402,苍南县2022年“温馨教室”工程学校新风系统,公开招标,浙江省,温州市,苍南县,苍南县教育局,李先生,0577-68715389,浙江中合工程管理有限公司,林先生、陈先生,13587442350、13758881256,教室
MYWZ-202206041900,8821608,中小学教室新风系统,公开招标,浙江省,温州市,鹿城区,温州市鹿城区教育技术中心,杨老师,0577-88263128,浙江明业项目管理有限公司,赵先生,0577-88419488，13958869067,教室
QSZB-Z(H)-B22233(CS),8821943,A2智慧教室建设项目,竞争性磋商,浙江省,,,浙江科技学院,章老师,13816086486,浙江求是招标代理有限公司,杨立凯,0571-87670301,教室
QSZB-Z(H)-B22247(CS),8821944,A2多媒体教室环境控制系统提升改造项目,竞争性磋商,浙江省,,,浙江科技学院,章老师,13816086486,浙江求是招标代理有限公司,蒋晗,0571-87670301,教室
ZJHY-20220621-H,8822131,2022年民生实事温馨教室新风机采购,公开招标,浙江省,温州市,温州开发区,温州浙南沿海先进装备产业集聚区文化和教育体育局,项先生,0577-86837798,浙江华耀建设咨询有限公司,罗先生,13858856968,教室
DLLH-Z（H）-KC20220522（GK）,8822594,浙江建设职业技术学院教学楼AB区教室标准化考场设备改造项目,公开招标,浙江省,,,浙江建设职业技术学院,梅老师,0571-8287477,德邻联合工程有限公司,所璐,18967106719,教室
HJZCD-2022-053,8822937,浙江省杭州第七中学2022年教育教学配套设施设备（转塘校区教室多媒体设备改造二期、解放路校区教室与画室多媒体设备改造三期）项目,公开招标,浙江省,杭州市,,浙江省杭州第七中学,唐老师,0571-87323502,杭州市教育发展服务中心,杨老师,0571-85886279,教室
NBMC-20223042G,8823264,宁波外国语学校教室多媒体升级改造项目,公开招标,浙江省,宁波市,,宁波外国语学校,郑老师,0574-89007395,宁波名诚招标代理有限公司,董初林、黄锃潇、王裕挺、朱盈、王柯政,0574-87101260,教室
ZHJS（ZC)-2022-005,8823759,功能教室设备,公开招标,浙江省,嘉兴市,嘉善县,浙江师范大学附属嘉善实验学校亭桥小学,金剑杰,15957338981,浙江中合工程管理有限公司,吴宇婷,0573-84457627,教室
QSZB-Z(H)-C22217(CS),8824480,无损检测实训室-智慧教室类,竞争性磋商,浙江省,,,浙江机电职业技术学院,于老师,0571-87775356,浙江求是招标代理有限公司,温瑶,0571-87666115,教室
QSZB-Z(H)-B22241(CS),8824762,教室智慧班牌项目,竞争性磋商,浙江省,,,浙江金融职业学院,雷老师,13375711329,浙江求是招标代理有限公司,杨立凯,0571-87670301,教室
Z-GB202206210156,8824784,永嘉县2022年“温馨教室”工程学校空调采购项目,公开招标,浙江省,温州市,永嘉县,永嘉县教育局,汤老师,0577-67233525,永嘉县市招投标中心,叶女士,0577-67269817,教室
ZJJG-OB20220617,8825048,浙江警官职业学院教学场所信息化升级及多媒体教室建设项目,公开招标,浙江省,,,浙江警官职业学院,王钧,0571-86918765,欧邦工程管理集团有限公司,周波,0571-85122486,教室
HYHZ2022-133（临[2022]7058号）,8825419,湖州市月河小学教育集团（浮玉校区）专用教室装修改造工程,竞争性磋商,浙江省,湖州市,吴兴区,湖州市月河小学教育集团,汤老师,0572-2590505,浙江华耀建设咨询有限公司,张治中,0572-2198738,教室
ZZCG2022D-GK-124,8826162,浙江旅游职业学院智慧教室三期建设设备等项目,公开招标,浙江省,,,浙江旅游职业学院,邵仲铭,13516806608,浙江省政府采购中心,戴宋琴,0571-88907768,教室
CG202206A05,8826502,2022年乐清市中小学校“温馨教室”工程空调设备采购项目,公开招标,浙江省,温州市,乐清市,乐清市教育技术中心,盛老师,0577-62522623,乐清市公共资源交易中心,王女士,0577-61882629,教室
THZB-22AC36047,8827657,杭州市西溪中学专用教室教学仪器项目,公开招标,浙江省,杭州市,西湖区,西湖区教育局下属学校,徐鑫刚,13588742758,浙江天弘招标代理有限公司,蒋常洁黄肖玮,0571-8718591287188987,教室
F-GB202206170555,8828277,永嘉县2022年“温馨教室”工程学校新风采购项目,公开招标,浙江省,温州市,永嘉县,永嘉县教育局,汤老师,0577-67233525,杭州华旗招标代理有限公司,余旭凡,18968868813,教室
HSZX-ZCY-CS2022001,8828504,河上镇小创新教室等改造,竞争性磋商,浙江省,杭州市,萧山区,萧山区河上镇中心小学,瞿国阳,13186990911,浙江经济建设投资咨询中心有限公司,孙先生,15267126588,教室
中际-ZJZJGC（2022）嘉18号,8828664,清华附中嘉兴实验高中（筹）部功能教室采购项目,公开招标,浙江省,嘉兴市,,清华附中嘉兴实验高中（筹）,周老师,0573-83620852,浙江中际工程项目管理有限公司,马专圆,13511352944,教室
HZZFCG-2022-117,8830476,杭州师范大学教室课桌椅采购项目,公开招标,浙江省,杭州市,,杭州师范大学,毛老师,0571-28865149,杭州市公共资源交易中心（杭州市政府采购中心、杭州市建设工程交易中心）,余洋,0571-85085458,教室
HZZFCG-2022-121,8830815,杭州职业技术学院教学楼教室空调一期新增项目,公开招标,浙江省,杭州市,,杭州职业技术学院,杨超群,0571-56363836,杭州市公共资源交易中心（杭州市政府采购中心、杭州市建设工程交易中心）,王舒吟,0571-85085457,教室
ZZCG2022X-GK-126,8831369,浙江财经大学新型多媒体教室改造项目,公开招标,浙江省,,,浙江财经大学,俞玲泉,0571-86731939,浙江省政府采购中心,徐嘉辉,0571-88907785,教室
CG202206A06,8831502,2022年乐清市中小学校“温馨教室”工程新风设备采购项目,公开招标,浙江省,温州市,乐清市,乐清市教育技术中心,盛老师,0577-62522623,乐清市公共资源交易中心,张女士,0577-61882630,教室
CTZB--2022060406,8832399,湖州二中教学区域连廊及教室铝合金窗维修更换及路面、路灯维修工程（重新招标）,竞争性磋商,浙江省,湖州市,,湖州市第二中学,曹康舰,0572-2537213,浙江省成套招标代理有限公司,顾超超,2275857,教室
TSCG202207009,8832889,2022年泰顺县中小学教室空调采购（二次）,竞争性磋商,浙江省,温州市,泰顺县,泰顺县教育局,董直持,0577-67580600,泰顺县公共资源交易中心,吴华兵,0577-67592508,教室
WZLCZB（W）-2022-06237,8833152,2022年新办幼儿园教室家具,公开招标,浙江省,温州市,瓯海区,温州市瓯海区教育装备与勤工俭学管理中心,黄老师,0577-88591801,温州历程招标有限公司,郑永强、温碧霞,0577-89887322、13757727199,教室
HJZCD-2022-055,8833325,浙江大学附属中学2022年两校区设备更新项目（教室多媒体设备更新）项目,公开招标,浙江省,杭州市,,浙江大学附属中学,杨老师,0571-87972159,杭州市教育发展服务中心,杨老师,0571-85886279,教室
xzcg-2022-036(招)（第二次）,8833364,天台中学学科教室有关智能化设备采购项目,公开招标,浙江省,台州市,天台县,天台中学,王华荣,13968579399,浙江祥泽招标代理有限公司,庞雅晴,18257632485,教室
LNCG2022-004,8833835,安吉县教育保障中心专用功能教室项目政府采购项目,公开招标,浙江省,湖州市,安吉县,安吉县教育保障中心,俞宁,0572-5305180,浙江龙宁工程管理有限公司,叶先生,18857259241,教室
RAJC20220609,8836171,瑞安市电化教育与教育装备中心2022年“温馨教室”空调,公开招标,浙江省,温州市,瑞安市,瑞安市电化教育与教育装备中心,金友伟,15825658584,瑞安市公共资源交易中心,叶园园,0577-65879533,教室
台财采确【2022】3656号-1,8837549,台州学院临海校区教室课桌椅桌斗、座椅板等维修更换项目（重新招标）,竞争性磋商,浙江省,台州市,,台州学院本级,梁老师,0576-88660897,台州市建设咨询有限公司,陈先生,0576-88519890,教室
2022NBHSJC031,8837616,海曙区高桥镇中心小学改扩建工程教室多媒体教学设备采购,公开招标,浙江省,宁波市,海曙区,宁波市海曙区高桥镇人民政府,张工,0574-88447305,宁波市海曙区政府采购中心,岑老师,0574-83890133,教室
G22070230339,8838240,浙大城市学院文三教室达标改造工程,竞争性磋商,浙江省,杭州市,,浙大城市学院,丁老师,0571-88285569,浙江省房地产管理咨询有限公司,练工,13735868085,教室
CS2022013,8813680,17幢301教室室内装修改造工程,竞争性磋商,浙江省,,,浙江师范大学,郑老师,13819993370,浙江师范大学,吴老师,0579-82283736,教室
JHCG2022E-013,8814026,金华职业技术学院智慧教室改造空调采购项目,公开招标,浙江省,金华市,,金华职业技术学院,盛胜航,0579-82266527,金华市政府采购中心,史先生,0579-82257929,教室
JHCG2022G-025,8815029,金华职业技术学院智慧教室信息化项目设备采购项目,公开招标,浙江省,金华市,,金华职业技术学院,盛胜航,0579-82266527,金华市政府采购中心,张女士,0579-83186120,教室
ZJZBC-GK-22-9021,8815898,浙江省杭州第十一中学数字化美术教室项目,公开招标,浙江省,杭州市,,浙江省杭州第十一中学,翁老师,0571-87881285,浙江省建设工程设备招标有限公司,王红红,0571-87630283,教室
WZZF2022(ZC)-05-107（GK）,8816825,智慧教室设备采购,公开招标,浙江省,温州市,,浙江安防职业技术学院,王老师,0577-85103996,温州正风招标代理有限公司,刘慧聪,15858517848,教室
HZHC-2022（J）001,8817991,南浔开发区实验学校2022年屋面维修及专用教室装修工程,竞争性磋商,浙江省,湖州市,南浔区,湖州市南浔开发区实验学校,沈先生,0572-2907529,华诚工程咨询集团有限公司,张玉荣,0572-2170106,教室
ZJ-2241390,8818152,浙江传媒学院课程教学创新实验区建设（五期）教学楼部分教室智慧化升级项目,公开招标,浙江省,,,浙江传媒学院,陈老师,15355089418,浙江国际招投标有限公司,郑钢伟,0571-81061822,教室
恒合【2022】采048,8818797,湖州市南浔区南浔锦绣实验学校普通教室装修工程,竞争性磋商,浙江省,湖州市,南浔区,湖州市南浔区南浔锦绣实验学校,蒋老师,0572-3666926,浙江恒合工程管理有限公司,杨建花,13857267913,教室
0625-22217B07,8942241,浙江警官职业学院学院多媒体教室集控系统升级改造,公开招标,浙江省,,,浙江警官职业学院,王钧,0571-86918765,浙江省国际技术设备招标有限公司,金俊超,0571-85860267,教室
JHCG2022C-032-C01,8943915,东苑小学录播教室改造项目,公开招标,浙江省,金华市,金华开发区,金华市东苑小学,叶龙,0579-89007580,金华市政府采购中心,祝先生,0579-83187200,教室
ZJTZCA2022009ZC号,8944008,淳安县教育局2022年薄改专业教室提升项目项目,公开招标,浙江省,杭州市,淳安县,淳安县教育局,王友权,0571-64810060,浙江天政工程咨询有限公司,汪勇,18768148315,教室
TZTX-2022-CS063,8944021,台州开放大学直播教室项目,竞争性磋商,浙江省,台州市,,台州开放大学,顾老师,0576-81818637,台州天兴工程管理咨询有限公司,陈女士,0576-88322665,教室
HZCPM-2022-0801,8944183,2022年江山市中小学教室灯光采购项目(第二次),公开招标,浙江省,衢州市,江山市,江山市教育技术中心,赵老师,0570-4031815,杭州市建设工程管理集团有限公司,郑先生,13867039464,教室
ZJJSCG202207014-,8946237,瑞安市仙降中学温馨教室电力线路改造及电力扩容工程（重2）,竞争性磋商,浙江省,温州市,瑞安市,瑞安市仙降中学,诸葛老师,13626510475,浙江嘉晟工程项目管理有限公司,阮建敏,0577-66807765、13868386383,教室
HNCG2022044,8946609,海宁市教育信息中心多媒体教室设备,公开招标,浙江省,嘉兴市,海宁市,海宁市教育信息中心,金老师,0573-87290579,海宁市政府采购中心,顾女士,0573-87657732,教室
QTFSCG2022-151,8948099,青田县江南实验学校普通教室改造项目,竞争性磋商,浙江省,丽水市,青田县,青田县江南实验学校,刘利军,13587190606,浙江惠同建设工程管理有限公司,杜丽玉,15990839231,教室
MYWZ-202206041900（第三次）,8948285,中小学教室新风系统-标项2（第三次）,公开招标,浙江省,温州市,鹿城区,温州市鹿城区教育技术中心,杨老师,0577-88263128,浙江明业项目管理有限公司,赵先生,0577-88419488，13958869067,教室
HZZFCG-2022-141,8951485,浙大城市学院智慧教室相关设备采购项目,,浙江省,杭州市,,浙大城市学院,陈老师,0571-88018713,杭州市公共资源交易中心（杭州市政府采购中心、杭州市建设工程交易中心）,王舒吟,0571-85085457,教室
QTFSCG2022-154,8951539,青田县章旦中学教育集团普通教室新型教学空间改造,竞争性磋商,浙江省,丽水市,青田县,青田县章旦中学教育集团,金铭,13967099070,浙江惠同建设工程管理有限公司,杜丽玉,15990839231,教室
YHZFCG2022-160,8952247,黄湖镇中学专用教室设备采购,公开招标,浙江省,杭州市,余杭区,杭州市余杭区黄湖镇中学,方老师,15925665173,耀华建设管理有限公司,黄斌,0571-86320706,教室
HZSYCG2022-053,8955414,杭州市余杭高级中学微格教室音视频设备项目,公开招标,浙江省,杭州市,临平区,杭州市余杭高级中学,方华,0571-56392802,杭州尚远招标代理有限公司,陆月琴,15869183365,教室
ZJWY-SS-2022006,8956450,嵊泗县洋山镇人民政府洋山镇幼儿园教室家具、午睡家具、玩具等采购,竞争性磋商,浙江省,舟山市,嵊泗县,嵊泗县洋山镇人民政府,顾嘉云,0580-5051839,浙江文宇建设工程咨询有限公司,葛工,0571-81399168,教室
HMZB20221079-2,8957198,温州市实验小学桃花岛校区设备等七项—功能教室设备（第二次）,竞争性磋商,浙江省,温州市,鹿城区,温州市实验小学,陈晓茅,0577-56661515,温州市华明招标代理有限公司,齐贺,15088550610,教室
NBRL-22088,8957242,同济中学航天特色空间教室设备采购项目,公开招标,浙江省,宁波市,,宁波市同济中学,金老师,0574-88055519,宁波瑞林招标有限公司,许伟港、黄琼宇,0574-28900258,教室
ZJCJ-H22090403,8959349,滨江校区教室灯光改造,竞争性磋商,浙江省,温州市,鹿城区,温州市第二中学,蔡老师,0577-56617219,浙江创嘉项目管理有限公司,单聪,0577-56653967、13758431531,教室
YK2022400X,8961050,春晖中学教室门采购及安装项目（第三次）,询价,浙江省,绍兴市,上虞区,浙江省春晖中学,杜海江,0575-82139821,浙江宇康工程管理咨询有限公司,陈东豪,15967562266,教室
浙亿云采2022-074号,8961113,云和县中小学“薄改”教室建设采购项目,询价,浙江省,丽水市,云和县,云和县教育技术中心,刘建波,0578-5525129,浙江亿丰工程管理有限公司,练建荣,0578-5538879,教室
ZHJS（ZC)-2022-011,8965482,北斗航天教室教具,公开招标,浙江省,嘉兴市,嘉善县,浙江师范大学附属嘉善实验学校亭桥小学,金剑杰,15957338981,浙江中合工程管理有限公司,吴宇婷,0573-84457627,教室
CGZX（CS）-2022-019,8913418,浙江工商大学下沙校区食品学院教室及实验室改造工程,竞争性磋商,浙江省,,,浙江工商大学,朱老师、钱老师,0571-28877852、0571-28008656,浙江豪圣建设项目管理有限公司,刘先成、曹剑斌、陈敏娇,0571-56386096、18167180173,教室
ZJXSJ2022159,8913525,全区中小学专用教室护眼灯光提升工程,公开招标,浙江省,衢州市,柯城区,衢州市柯城区实验小学,张培青,0570-8756570,浙江新世纪工程咨询有限公司,徐俊,0570-8589008,教室
330282202207002798,8914148,宁波行知中等职业学校教室灯光改造项目,公开招标,浙江省,宁波市,慈溪市,宁波行知中等职业学校,王哲丰,0574-55685726,浙江致信招标代理有限公司,毛工、张工,0574-63816102、15258368500,教室
QZGS2022024,8917117,柯城区书院中学专用教室改造提升工程（教具采购）,公开招标,浙江省,衢州市,柯城区,衢州市柯城区书院中学,余飞,0570-3032859,衢州港盛投资咨询有限公司,戴宏旭,0570-8553580,教室
ZSCG202229-GK13（2）,8917519,常山县学校教室灯光改造项目（二次）,公开招标,浙江省,衢州市,常山县,常山县教育事业发展中心,王润梅,0570-5023564,浙江哲晟工程项目管理有限公司,余佳丽,13567051997,教室
WZZYCG-20220727,8917527,中共温州市委党校2022年度功能教室及报告厅家具采购项目（第二次）,公开招标,浙江省,温州市,,中共温州市委党校,许文樟,0577-55580081,温州中源工程造价咨询有限公司,叶斌斌,15825427889,教室
浙志正招2022104号,8918598,云和县实验小学分校人工智能及机器人教室项目,询价,浙江省,丽水市,云和县,云和县实验小学,陈海波,13884383758,浙江志正咨询管理有限公司,叶丽红,15058693950,教室
TLZFCG2022-GK-016,8918763,2022年桐庐县中小学校专用教室改造设备采购及安装项目,公开招标,浙江省,杭州市,桐庐县,桐庐县教育后勤服务中心,周敏,0571-56981810,杭州市公共资源交易中心桐庐分中心,王赛栎,0571-64217659,教室
0625-22212A94,8918944,浙江中医药大学护理学院智慧示教室设备项目,竞争性磋商,浙江省,,,浙江中医药大学,黄老师,0571-86633330,浙江省国际技术设备招标有限公司,曹蕾，孙如汐,0571-85860243，85864987,教室
QJCG202212,8920202,2022年中小学计算机教室电脑及配套设施采购项目,公开招标,浙江省,衢州市,衢江区,衢州市衢江区教育局,毛俊淇,0570-3838903,衢州市衢江区政府采购中心,衢江区政府采购中心,0570-3838411,教室
ZJKP2022YW205G,8920545,义乌工商职业技术学院智慧教室改造采购,公开招标,浙江省,金华市,义乌市,义乌工商职业技术学院,郑清松,0579-83803826,浙江开平企业管理咨询有限公司,徐玲英,0579-85328516、85317081,教室
QSZB-Z(F)-E22240(CS)L,8921109,1号教学楼106智慧教室改造项目,竞争性磋商,浙江省,,,浙江财经大学,王老师,0571-86735880,浙江求是招标代理有限公司,刘冰冰,0571-87666117,教室
QTJZCG2022-003-1,8922609,2022年校园二期宿舍、教室及办公室等空调设备采购项目,公开招标,浙江省,丽水市,青田县,青田县职业技术学校,周景毅,0578-6020017,青田县政府采购招投标交易中心,黄鲁慧,0578-6818395,教室
WMU-2022961,8924107,智慧教室软件及平台运行服务,竞争性磋商,浙江省,,,温州医科大学,施老师,0577-86699052,浙江乐诚工程咨询有限公司,计女士,0577-86077722,教室
ZJ-2242055,8924872,中国美术学院象山校区2号楼公共课教室课桌椅改造项目,公开招标,浙江省,,,中国美术学院,李明键,0571-87200027,浙江国际招投标有限公司,郑钢伟,0571-81061822,教室
xzcg-2022-069(招),8926340,2022年学校教室灯光改造项目,公开招标,浙江省,台州市,天台县,天台县教育技术与信息中心,徐晓峰,18858658280,浙江祥泽招标代理有限公司,申建彬,15867079036,教室
ZJZC-227065,8929247,象山县大目湾新城学校AI书法教室及其他专用教室设施设备项目,公开招标,浙江省,宁波市,象山县,象山县大目湾新城学校,朱老师,0574-65787789,浙江中创招投标有限公司,开发部唐前进、郑瀚,0574-87179083,教室
浙勋代理C[2022] 246号,8929339,桐乡市老年大学管理服务中心直播录播教室项目,公开招标,浙江省,嘉兴市,桐乡市,桐乡市老年大学管理服务中心,施高琼,0573-88848082,浙江勋达工程咨询有限公司,陆燊杰,15990337403,教室
ZJWS2022-DGJYEY02,8930422,教室课桌椅、床等采购项目,公开招标,浙江省,台州市,黄岩区,台州市黄岩区西城街道大国璟幼儿园,丁迎迎,18857616203,浙江五石中正工程咨询有限公司,周丽,0576-88781913,教室
CBNB-20221464G,8930807,浙江大学宁波“五位一体”校区科研大楼智慧教室建设项目,公开招标,浙江省,宁波市,,浙江大学宁波“五位一体”校区教育发展中心,郑老师,0574-88229887,宁波中基国际招标有限公司,王鸯鸯,0574-88090157,教室
330282202207002940,8931334,慈溪市实验小学教育集团微格教室和教室多媒体更新项目,公开招标,浙江省,宁波市,慈溪市,慈溪市实验小学教育集团,杨老师,0574-58969835,浙江致信招标代理有限公司,毛工、张工,"0574-63816102,15258368500",教室
JD2022BJ-024,8931866,建德市中小学录播教室设备采购项目,公开招标,浙江省,杭州市,建德市,建德市教育局,李斌,0571-64719134,杭州市公共资源交易中心建德分中心,章玉红,0571-64780093,教室
YK2022358,8933157,上虞中学历史学科教室设备采购项目,询价,浙江省,绍兴市,上虞区,浙江省上虞中学,应卫良,0575-82219708,浙江宇康工程管理咨询有限公司,苗黎,13757586169,教室
DFJW2022-CA-002号,8933355,2022年第三小学智能创客教室建设采购项目,公开招标,浙江省,杭州市,淳安县,淳安县教育局,王友权,13588247619,东方经纬项目管理有限公司,周漫,18710817099,教室
ZJXC-2022G071901,8933389,浙江师范大学附属中学信息技术学科专业教室和人工智能教室等设备项目,公开招标,浙江省,,,浙江师范大学,谢老师,0579-82282070,浙江欣成工程咨询有限公司,钱永纯,15669620630,教室
LYCG2022XJ024,8933430,龙游县塔石小学多功能教室改造及新型教学空间,询价,浙江省,衢州市,龙游县,龙游县塔石小学,超级机构管理员,0570-7031385,衢州市公共资源交易龙游县分中心,龙游县公共资源交易中心,0570-7261771,教室
QTSFCG2022-137,8935807,青田县海口镇小学2022年新型教学空间－普通教室改造项目,竞争性磋商,浙江省,丽水市,青田县,青田县海口镇小学,金丽伟,0578-6506176,浙江首信工程项目管理有限公司,王煊,15857813824,教室
QTFSCG2022-138,8936700,青田县实验小学教育集团学士路校区普通教室改造,竞争性磋商,浙江省,丽水市,青田县,青田县实验小学教育集团,廖肖平,13757850600,浙江惠同建设工程管理有限公司,杜丽玉,15990839231,教室
QTFSCG2022-147,8938505,普通教室新型教学空间项目,竞争性磋商,浙江省,丽水市,青田县,青田县华侨中学,洪飞华,13757815981,浙江惠同建设工程管理有限公司,杜丽玉,15990839231,教室
YH2022-08030,8940048,绍兴市中等专业学校商务英语语音教室建设项目（设备采购等）,公开招标,浙江省,绍兴市,,绍兴市中等专业学校,单萍萍,0575-88589123,耀华建设管理有限公司,凌静,0575-88776697,教室
浙安采字2022-024,8941118,湖州师范学院教师教育学院数码钢琴教室升级改造（货物部分）采购项目,公开招标,浙江省,湖州市,,湖州师范学院,徐老师,0572-2322188,浙江建安工程管理有限公司,曹犇,0572-2606722,教室
PYCG220831058,8941209,平阳县教育局学生计算机教室等设备,询价,浙江省,温州市,平阳县,平阳县教育局,林老师,0577-63886371,平阳县公共资源交易中心,黄女士,0577-63193038,教室
ZJZC-221191,8941548,宁波大学本部1号教学楼多媒体教室信息化整体改造项目,公开招标,浙江省,宁波市,,宁波大学,刁老师,0574-87600165,浙江中创招投标有限公司,王明、叶子恒、郑建浩、林叶、蒋敏敏、李晶,0574-27820691,教室
ZZCG2022X-GK-145,8892023,浙江工业大学多媒体教室新建及教室设备更新项目,公开招标,浙江省,,,浙江工业大学,高剑,15336547036,浙江省政府采购中心,方岚,88907768,教室
WZZF2022(ZC)-07-172（TP）,8892163,教室多媒体小平台,竞争性谈判,浙江省,温州市,,温州市特殊教育学校,陈老师,18657737133,温州正风招标代理有限公司,鲁先生,15356870776,教室
HYCG-2022-XJ07号,8892219,“空调进教室”采购项目,询价,浙江省,台州市,黄岩区,"台州市黄岩区第二职业技术学校(1),澄江中心小学(2),黄岩区实验小学(3),北城中心小学(4),台州市黄岩区新前街道中心小学(5),黄岩区院桥镇中心小学(6)","牟先生(1),徐先生(2),周先生(3),吴先生(4),张先生(5),陈先生(6)","0576-89163302(1),0576-84766909(2),0576-89180801(3),0576-84760325(4),0576-84766905(5),0576-89169975(6)",台州市黄岩区政府采购中心,采购中心（采购项目专用）,0576-84051179、84128030,教室
NBITC-202220176G-1,8893265,宁波市镇海区龙赛中学智慧教室建设项目,公开招标,浙江省,宁波市,镇海区,宁波市镇海区龙赛中学,胡老师,0574-87612920,宁波市国际招标有限公司,陈燕,0574-87358557,教室
LGDL2022224,8894028,龙港市2022年“温馨教室”工程学校新风采购,公开招标,浙江省,温州市,龙港市,龙港市社会事业局,尤育隆,0577-59911819,杭州华旗招标代理有限公司,陈维文,13738772079,教室
TY2022-HW142-ZFCG142,8895919,兰溪市曙光学校（兰溪市特殊教育指导中心）2022年资源教室设备采购项目,公开招标,浙江省,金华市,兰溪市,兰溪市曙光学校,盛国文,0579-89015210,金华市天盈财务咨询有限公司,李宗宝,李宗宝,教室
CS-LY2022-020,8896270,实验小学“空调进教室”线路改造工程,竞争性磋商,浙江省,台州市,黄岩区,黄岩区实验小学,黄老师,0576-89180812,隆耀(浙江)工程咨询有限公司,彭女士,13634013171,教室
330282202207002706,8897733,慈溪市文锦书院教室桌椅柜采购项目,公开招标,浙江省,宁波市,慈溪市,慈溪市文锦书院,何辉,0574-63952078,浙江致信招标代理有限公司,毛工、张工,"0574-63816102,15258368500",教室
LCZ2022-027,8897988,丽水市职工中等卫生学校教学项目（教师计算机、学生计算机教室、打印复印多功能一体机）项目,公开招标,浙江省,丽水市,,丽水市职工中等卫生学校,赵静浩,0578-2279775,丽水市公共资源交易中心,邓茜之,0578-2179551,教室
WMU-2022960,8898246,沉浸式智慧教室建设,公开招标,浙江省,,,温州医科大学,陈老师,0577-86689938,浙江乐诚工程咨询有限公司,计女士,0577-86077722,教室
ZJKXJZXTP11700120221178,8899402,浦江园区小学“生命安全健康教育体验教室”布展采购项目,,浙江省,金华市,浦江县,浦江县红十字会,俞女士,13868924008,浙江科信联合工程项目管理咨询有限公司,宁女士,0579-84123833、15888959272,教室
ZJWS-GS202211G,8899853,浙江工商职业技术学院阶梯教室改造配套设备采购项目,公开招标,浙江省,,,浙江工商职业技术学院,朱震,0574-87422057,浙江五石中正工程咨询有限公司,毛工、付工,0574-83896188,教室
ZJWS-GS202213G,8899854,浙江工商职业技术学院多媒体教室改造项目,公开招标,浙江省,,,浙江工商职业技术学院,朱震,0574-87422057,浙江五石中正工程咨询有限公司,毛工、付工,0574-83896188,教室
JD2022BJ-025,8900360,建德市新安江第二小学创客、机器人、创意工坊等专用教室设施设备采购项目,公开招标,浙江省,杭州市,建德市,建德市新安江第二小学,朱玉泉,15868896388,杭州市公共资源交易中心建德分中心,尹洪禹,0571-64780093,教室
TZYY-2208-002号,8902518,椒江区第二中学学生公寓烹饪教室、餐厅等改造工程,竞争性磋商,浙江省,台州市,椒江区,台州市椒江区第二中学,王老师,0576-89055812,台州市永阳科技有限公司,周先生,18958682891,教室
ZJZC-223247,8903160,浙江工商职业技术学院多功能智慧教室项目,公开招标,浙江省,,,浙江工商职业技术学院,钟老师,0574-87422060,浙江中创招投标有限公司,张百军、王家兴、周俊辉、张晓亮,0574-87179082,教室
ZJWS-GS202215G,8903484,浙江工商职业技术学院宁海智慧教室改造和明德楼智慧教室建设项目,公开招标,浙江省,,,浙江工商职业技术学院,朱震,0574-87422057,浙江五石中正工程咨询有限公司,毛工、付工,0574-83896188,教室
临[2022]907号,8903522,温州市龙湾区实验中学（龙江校区）专用功能教室设备,竞争性磋商,浙江省,温州市,龙湾区,温州市龙湾区实验中学,王志坚,0577-55568588,杭州华旗招标代理有限公司,马昭霞,15825621907,教室
TZFD(2022)-1089号,8903773,台州职业技术学实训室、保时捷理论教室智慧化改造项目,竞争性磋商,浙江省,台州市,,台州职业技术学院,何向华,0576-88665117,台州锋鼎工程项目管理有限公司,陶双爽,13615862226,教室
ZJJY-20220623-01,8904285,研讨型智慧教室建设,公开招标,浙江省,,,浙江财经大学,汪瑶,0571-86731939,浙江建友工程咨询有限公司,徐梦遥,0571-56075179,教室
330282202207002799,8905329,慈溪职业高级中学教室智能灯光采购项目,公开招标,浙江省,宁波市,慈溪市,慈溪职业高级中学,徐梦迪,0574-63837661,浙江致信招标代理有限公司,毛工、张工,"0574-63816102,15258368500",教室
ZZCG2022D-GK-145,8906605,浙江警察学院智慧教室及教室数字化改造项目,公开招标,浙江省,,,浙江警察学院,张辉,0571-87787048,浙江省政府采购中心,蒋女士,0571-88907785,教室
CTZB-2022080236,8907172,浙江特殊教育职业学院第二报告厅和117阶梯教室装修升级改造-2,竞争性磋商,浙江省,,,浙江特殊教育职业学院,朱金锋,0571-86462710,浙江省成套招标代理有限公司,李伟,18958058937,教室
OBJC-20220113,8908676,浙江警察学院舞蹈美育教室改造工程,竞争性磋商,浙江省,,,浙江警察学院,司老师,0571-87787036,欧邦工程管理集团有限公司,张琛,13758250560,教室
QTCG-GK-2022-218,8908744,崇德实验学校专用教室设施设备采购,公开招标,浙江省,杭州市,钱塘区,杭州市钱塘区教育局,陶老师,0571-82987598,杭州市钱塘区行政审批局,张女士,0571-83697086,教室
JD2022BJ-018,8909550,建德市中小学、幼儿园教室多媒体采购项目,公开招标,浙江省,杭州市,建德市,建德市教育发展服务中心,郭勤红,0571-64721147,杭州市公共资源交易中心建德分中心,章玉红,0571-64780093,教室
BSZB2022-BZZC169-1,8910104,浙江交通职业技术学院第三教学楼AB区智慧教室空调线路安装工程项目,竞争性磋商,浙江省,,,浙江交通职业技术学院,陈老师,0571-88481881,杭州博实招标代理有限公司,刘春萍,0571-56928685,教室
HCZX-2022072001,8910497,温州市中等幼儿师范学校智慧教室及录制教学课堂设备,公开招标,浙江省,温州市,,温州市中等幼儿师范学校,林先生,0577-88288071,华诚工程咨询集团有限公司,王锵毅,13857720929,教室
CAZFCGGK2022-19号,8912329,淳安县教育局2022年薄改项目普通教室提升建设,公开招标,浙江省,杭州市,淳安县,淳安县教育局,余德祥,13750896069,淳安县公共资源交易中心,陈仲民,0571-24818116,教室
SXDC2022-04-15-2,8912849,绍兴市公安局视频电教室采购项目（第三次）,公开招标,浙江省,绍兴市,,绍兴市公安局,杜工,13735376605,绍兴达城项目管理有限公司,费明明,13185500076,教室
ZJ-2241776,8878456,浙江工业大学多媒体教室耗材,公开招标,浙江省,,,浙江工业大学,教师教学发展中心高老师,15336547036,浙江国际招投标有限公司,汪懿婷,0571-89731843,教室
ZJXSJ2022145,8879381,衢州市柯城区书院幼儿园及地下室公共停车场建设项目-专用教室家具、户外玩具采购项目,公开招标,浙江省,衢州市,柯城区,衢州市柯城区教育局,郑老师,0570-3028100,浙江新世纪工程咨询有限公司,徐俊,0570-8589008,教室
ZJZC-221202,8879419,宁波大学叶耀珍教学楼多媒体教室升级改造项目,公开招标,浙江省,宁波市,,宁波大学,刁老师,0574-87600165,浙江中创招投标有限公司,王明、叶子恒、郑建浩、林叶、蒋敏敏、李晶,0574-27820691,教室
CAZFCGGK2022-17号,8880613,淳安县教育局2022年中小学教室多媒体项目,公开招标,浙江省,杭州市,淳安县,淳安县教育局,余德祥,13750896069,淳安县公共资源交易中心,陈仲民,0571-24818116,教室
HZZY-GK-2022-001,8881486,浙江省杭州高级中学全智能护眼教室照明改造项目,公开招标,浙江省,杭州市,,浙江省杭州高级中学,高老师,0571-85179869,杭州洲源招标代理有限公司,陈工,0571-85292825,教室
LCZ2022-024,8883385,丽水市莲都区城西学校（初中部）专用教室教学设备项目,公开招标,浙江省,丽水市,,丽水市教育技术中心,冯明敏,0578-2295373,丽水市公共资源交易中心,周亚婷,0578-2292507,教室
浙金丽招2022059号,8883412,松阳县第一中学松阳县第一中学智慧平板教室采购项目项目,公开招标,浙江省,丽水市,松阳县,松阳县第一中学,叶先生,0578-8057390,浙江金穗工程项目管理有限公司,宋女士,15957806565,教室
CAZFCGGK2022-18号,8883663,淳安县教育局2022年中小学计算机教室和办公电脑项目,公开招标,浙江省,杭州市,淳安县,淳安县教育局,余德祥,13750896069,淳安县公共资源交易中心,陈仲民,0571-24818116,教室
dscg-lx[2022]824号-116,8883940,2022年兰溪市中小学普通教室智能黑板项目,公开招标,浙江省,金华市,兰溪市,兰溪市教育局电化教育与教学仪器管理站,项林兵,0579-88821135,浙江鼎晟工程项目管理有限公司,周媚佳,0579-88900658,教室
LCZ2022-025,8886110,丽中莲城书院新建工程教学及办公设备项目（专用教室教学设备）项目,公开招标,浙江省,丽水市,,丽水市教育技术中心,冯明敏,0578-2295373,丽水市公共资源交易中心,张懿,0578-2292507,教室
HZTC-(Z)2022010,8887284,井安小学校园文化建设工程（特殊教育教室、卫生室、资源中心）,竞争性磋商,浙江省,湖州市,吴兴区,湖州市湖师附小教育集团井安小学,张老师,0572-2968359,浙江天册工程管理有限公司,钟楚佳,0572-2170128,教室
CGSHZJ-2022-N000717,8888581,绍兴文理学院多媒体教室改造项目,公开招标,浙江省,绍兴市,,绍兴文理学院,聂玉冰,0575-88342889,耀华建设管理有限公司,郭虹（绍兴迪荡分公司）,0575-88776697,教室
NBITC-202252021G,8889055,浙江海洋大学教学设施设备提升-智慧教室设备采购项目,公开招标,浙江省,,,浙江海洋大学,李军,0580-8180348,宁波市国际招标有限公司,吴婧、王孟、王文超,0574-87388504,教室
NBITC-202252022G,8889124,浙江海洋大学教学设施提升-99间教室教学设施更新项目,公开招标,浙江省,,,浙江海洋大学,李军,0580-8180348,宁波市国际招标有限公司,吴婧、王孟、王文超,0574-87388504,教室
NBITC-202252023G,8889158,浙江海洋大学教学设施设备提升-智慧教室课桌椅采购项目,公开招标,浙江省,,,浙江海洋大学,李军,0580-8180348,宁波市国际招标有限公司,吴婧、王孟、王文超,0574-87388504,教室
Z-GB202207210159,8889725,2022年永嘉县明眸皓齿工程中小学教室交互式多媒体改造项目,公开招标,浙江省,温州市,永嘉县,永嘉县教育技术中心,汤老师,0577-67233525,永嘉县市招投标中心,叶女士,15888270619,教室
CTZB-2022070526,8891742,浙江特殊教育职业学院第二报告厅和117阶梯教室专业音视频多媒体系统升级改造设备项目,竞争性磋商,浙江省,,,浙江特殊教育职业学院,朱金锋,0571-86462710,浙江省成套招标代理有限公司,李伟,18958058937,教室
