project_id,winning_date,winning_notice_url,order_id,winning_order_cnt,project_winning_amt,supplier_name,supplier_addr,order_name,winning_amt,cadidate_name,buyer_name,buyer_addr,buyer_contact,buyer_phone,agency_name,agency_addr,agency_contact,agency_phone,source_id,
ZJ-2262683G,2022年11月03日 18:31,http://www.ccgp.gov.cn/cggg/zygg/zbgg/202211/t20221103_18944513.htm,1,1,,圣奥科技股份有限公司,萧山经济技术开发区宁东路35号,普通2人阅览桌、多媒体教室和研讨间家具等,95.8160000（万元）,,浙江大学,浙江省杭州市西湖区余杭塘路866号,冯越男18768114728,18768114728,浙江国际招投标有限公司,浙江省杭州市西湖区文三路90号东部软件园1号楼3楼,谢凯枫0571-897318413,,0,
北林招（服）[ZB2022]100号（TC22190D2）,2022年12月17日 08:29,http://www.ccgp.gov.cn/cggg/zygg/zbgg/202212/t20221217_19249421.htm,1,1,,北京竹远科创科技股份有限公司,北京市海淀区上地三街9号D座7层D806-5,北京林业大学多媒体教室常态化录播采购项目,841.1000000（万元）,,北京林业大学,北京市海淀区清华东路35号,李老师，010-62337427,，010-62337427,中招国际招标有限公司,北京市海淀区学院南路62号中关村资本大厦,张涵睿、李迎澳、蒋雪娜、陈思佳，010-61954121、4120、41223,,1,
BMCC-ZC22-0711,2022年12月18日 19:38,http://www.ccgp.gov.cn/cggg/zygg/zbgg/202212/t20221218_19251201.htm,"1,2,3",3,,"北京众邦立德科技有限公司,北京神州新桥科技有限公司,中泰博瑞（北京）机电工程有限公司","北京市朝阳区东三环北路3号B座10层1001-1003房间,北京市海淀区西三环北路89号12层B-08号,昌平区回龙观镇北清路1号院6号楼7层1单元803-2",北京大学智慧校园基础设施建设项目,"1675.0000000（万元）,524.8576000（万元）,1008.0000000（万元）",,北京大学,北京市海淀区颐和园路5号,吴老师，010-62758587,，010-62758587,北京明德致信咨询有限公司,北京市海淀区学院路30号科大天工大厦B座17层09室（邮编：100083）,孙经理、刘亚运、吕家乐、王爽、吕绍山，010-82370045、15801412428、159108478653,,1,
清后招2022096,2022年12月20日 11:56,http://www.ccgp.gov.cn/cggg/zygg/zbgg/202212/t20221220_19262578.htm,1,1,,北京信科联物业管理有限公司,北京市海淀区莱圳家园18号楼4层4010室,清华大学教学区教室保洁、值班、摆车服务,597.8028520（万元）,,清华大学,北京市海淀区清华园,赵老师010-62796988,010-62796988,华诚博远工程咨询有限公司,北京市西城区宣武门外大街10号庄胜广场中央办公楼北翼13A,周满堂010-57693587、182100945183,,1,
2022-GADX-HW-236,2022年12月21日 17:17,http://www.ccgp.gov.cn/cggg/zygg/zbgg/202212/t20221221_19274355.htm,1,1,,北京世纪超星信息技术发展有限责任公司,北京市海淀区上地三街9号金隅嘉华大厦C座710室,中国人民公安大学2022年智慧教室建设项目,,,中国人民公安大学,北京市西城区木樨地南里1号,杨老师、曹老师：010-83903270,、曹老师：010-83903270,北京兴电国际工程管理有限公司,海淀区首体南路9号中国电工大厦7层717,王工、徐工;177185330803,,1,
BIECC-22ZB1250,2023年01月04日 15:58,http://www.ccgp.gov.cn/cggg/zygg/zbgg/202301/t20230104_19339937.htm,1,1,,北京城建物业管理有限责任公司,北京市海淀区学院南路62号,中国地质大学(北京）保卫处校园消防中控值守项目,194.4000000（万元）,,中国地质大学（北京）,北京市海淀区学院路29号,田老师，010-82323930,，010-82323930,北京国际工程咨询有限公司,北京市海淀区学院路30号科大天工大厦A座六层,王经理、周经理、010-823767333,,1,
ZHWZ2022-488HW,2023年01月05日 16:54,http://www.ccgp.gov.cn/cggg/zygg/zbgg/202301/t20230105_19345328.htm,1,1,,珠海市瑞柏家具有限公司,珠海市人民西路856号8栋四层425号,北京师范大学珠海校区教室课桌椅采购项目,92.9746000（万元）,,北京师范大学珠海校区,广东省珠海市香洲区唐家湾镇金凤路18号,联系人：尤立红；联系方式：0756-3683857,：尤立红；联系方式：0756-3683857,珠海市物资招标有限公司,珠海市吉大石花西路林海大厦2楼,联系人：许沂宣；联系方式：0756-33610153,,1,
GXTC-A1-22631325,2023年01月20日 16:24,http://www.ccgp.gov.cn/cggg/zygg/zbgg/202301/t20230120_19400687.htm,1,1,,北京中天瑞合科技有限公司,北京市海淀区龙岗路51号院7号楼2层45室,中国劳动关系学院北京校区闻道楼多媒体教室教学设备集中控制项目,,,中国劳动关系学院,北京市海淀区增光路45号,刘老师，010-88561791,，010-88561791,国信国际工程咨询集团股份有限公司,北京市海淀区和泓四季6号楼,马经理，185130408183,,1,
QSZB-Z(H)-A22093(GK),2022年06月10日 08:57,http://www.ccgp.gov.cn/cggg/zygg/zbgg/202206/t20220610_18052146.htm,1,1,,杭州恒迪视讯技术有限公司,杭州市西湖区文一西路857号2幢708室,常态化录播教室建设,117.8166000（万元）,,浙江大学,浙江省海宁市海洲东路718号浙江大学国际校区,陈老师0571-87572722,0571-87572722,浙江求是招标代理有限公司,杭州市西湖区玉古路173号中田大厦11楼,陈宵、王娜0571-876661193,,0,
CFTC-BJ01-22011050,2022年12月06日 18:05,http://www.ccgp.gov.cn/cggg/zygg/zbgg/202212/t20221206_19169191.htm,1,1,,北京金商祺科技有限公司,北京市海淀区北四环西路65号海淀新技术大厦1520室,北京师范大学语音教室改造项目,328.8600000（万元）,,北京师范大学,北京市新街口外大街19号,滕老师zfcg@bnu.edu.cn,zfcg@bnu.edu.cn,国金招标有限公司,北京市朝阳区东三环南路甲52号顺迈金钻国际商务中心9层9C,边璐、王珊珊、张金鑫、吴丹、张含勇010-562150503,,1,
CFTC-BJ01-22011051,2022年12月06日 18:08,http://www.ccgp.gov.cn/cggg/zygg/zbgg/202212/t20221206_19169247.htm,1,1,,北京富源天成科技有限公司,北京市海淀区唐家岭村南2幢二层204,北京师范大学智慧教室建设项目,226.7000000（万元）,,北京师范大学,北京市新街口外大街19号,滕老师zfcg@bnu.edu.cn,zfcg@bnu.edu.cn,国金招标有限公司,北京市朝阳区东三环南路甲52号顺迈金钻国际商务中心9层9C,边璐、王珊珊、张金鑫、吴丹、张含勇010-562150503,,1,
XHTC-HW-2022-1735,2022年12月09日 19:03,http://www.ccgp.gov.cn/cggg/zygg/zbgg/202212/t20221209_19199406.htm,1,1,,联通数字科技有限公司,北京市北京经济技术开发区科谷一街10号院8号楼12层1201(北京自贸试验区高端产业片区亦庄组团)）,北京师范大学5G智慧校园示范场景建设,749.1800000（万元）,,北京师范大学,北京市海淀区新街口外大街19号,滕老师zfcg@bnu.edu.cn,zfcg@bnu.edu.cn,新华招标有限公司,北京市海淀区莲花池东路39号西金大厦11层,叶子青、李硕、杜女士010-639059773,,1,
CFTC-BJ01-22011076,2022年12月12日 19:03,http://www.ccgp.gov.cn/cggg/zygg/zbgg/202212/t20221212_19211822.htm,1,1,,北京天宝信息科技有限公司,北京市海淀区西四环北路158号1幢11层441号,北京师范大学珠海校区同声传译实训室设备采购项目,293.0860000（万元）,,北京师范大学,北京市新街口外大街19号,滕老师zfcg@bnu.edu.cn,zfcg@bnu.edu.cn,国金招标有限公司,北京市朝阳区东三环南路甲52号顺迈金钻国际商务中心9层9C,边璐、王珊珊、张金鑫、吴丹、张含勇010-562150503,,1,
XHTC-HW-2022-1507,2022年12月13日 21:05,http://www.ccgp.gov.cn/cggg/zygg/zbgg/202212/t20221213_19222210.htm,"1,2,3",3,,"北京基线天成科技有限公司,北京国信晟通科技发展有限公司,北京晨光溢海数码科技有限公司","北京市海淀区东北旺西路8号院25号楼4层428室,北京市海淀区蓝靛厂南路25号1幢5层07-1号,北京市通州区新华北街75号",中国人民大学通州新校区智慧教室设备及配套设施采购项目,"830.0000000（万元）,960.6000000（万元）,1332.6490000（万元）",,中国人民大学,北京市海淀区中关村大街59号,肖老师010-62511204,010-62511204,新华招标有限公司,北京市海淀区莲花池东路39号西金大厦11层新华招标,唐靖凯010-63905975、张际阳010-639059723,,1,
北林招（货）[ZB2022]058号,2022年12月15日 21:06,http://www.ccgp.gov.cn/cggg/zygg/zbgg/202212/t20221215_19239502.htm,1,1,,北京晨光溢海数码科技有限公司,北京市通州区新华北街75号,北京林业大学智慧教室改造采购项目,596.9000000（万元）,,北京林业大学,北京市海淀区清华东路35号,李老师010-62337427,010-62337427,新华招标有限公司,北京市海淀区莲花池东路39号西金大厦11层,刘聪、赵静淑010-639059663,,1,
BMCC-ZC22-0742,2022年12月16日 21:16,http://www.ccgp.gov.cn/cggg/zygg/zbgg/202212/t20221216_19248478.htm,1,1,,吉荣家具有限公司,泊头市工业开发区,北京科技大学逸夫楼教室桌椅维修更换,527.0470000（万元）,,北京科技大学,北京市海淀区学院路30号,谭老师/010-62332135,/010-62332135,北京明德致信咨询有限公司,北京市海淀区学院路30号科大天工大厦B座17层1709室,韩经理、王经理、吕绍山、颜华3,,1,
CTIETC-HWZB-2211071,2022年12月16日 22:40,http://www.ccgp.gov.cn/cggg/zygg/zbgg/202212/t20221216_19248754.htm,1,1,,北京大唐高鸿数据网络技术有限公司,北京市海淀区东冉北街9号院北区一号楼,北京航空航天大学两校区智慧教室配套设备购置项目,1438.4760000（万元）,,北京航空航天大学,北京市海淀区学院路37号,张老师010-82317596,010-82317596,中贸国际工程招标（北京）有限公司,北京市丰台区西四环南路35号中都科技大厦516室,成凯、冯英山、陈雪松010-86203830、862038313,,1,
CTIETC-HWZB-2211072,2022年12月16日 22:43,http://www.ccgp.gov.cn/cggg/zygg/zbgg/202212/t20221216_19248763.htm,1,1,,北京全德隆创意家具有限公司,北京市通州区张家湾镇后街村236号,北京航空航天大学两校区智慧教室配套桌椅购置项目,1227.8380000（万元）,,北京航空航天大学教务处,北京市海淀区学院路37号,宋老师010-82317597,010-82317597,中贸国际工程招标（北京）有限公司,北京市丰台区西四环南路35号中都科技大厦516室,成凯、冯英山、陈雪松010-86203830、862038313,,1,
清设招第2022259号（TC221908K）,2022年10月31日 21:21,http://www.ccgp.gov.cn/cggg/zygg/zbgg/202210/t20221031_18920806.htm,1,1,,北京恒知杰科技有限公司,北京市昌平区城北街道西关路20号4号楼4层4-509,模拟实训室中心设备购置（阶段一）,494.5300000（万元）,,清华大学,北京市海淀区清华大学,胡老师，010-64308032,，010-64308032,中招国际招标有限公司,北京市海淀区学院南路62号中关村资本大厦,张涵睿、陈思佳、孙慧、蒋雪娜、邓嘉莹，010-61954121、4120、41223,,1,
ZTXY-2022-F33661,2022年11月11日 16:59,http://www.ccgp.gov.cn/cggg/zygg/zbgg/202211/t20221111_18995338.htm,1,1,,北京电信规划设计院有限公司,北京市海淀区车公庄西路乙19号(华通大厦B座3-7层),中国地质大学（北京）雄安校区智慧校园专项规划编制咨询服务,82.4998000（万元）,,中国地质大学（北京）,北京市海淀区学院路29号,蔡老师；010-82323969,；010-82323969,中天信远国际招投标咨询(北京)有限公司,北京市朝阳区南磨房路37号华腾北搪商务大厦11层1105室,车女士、于先生、鲁女士、王先生；010-537799103,,1,
0730-226112BJ0137,2022年12月05日 11:58,http://www.ccgp.gov.cn/cggg/zygg/zbgg/202212/t20221205_19152260.htm,1,1,,北京中天瑞合科技有限公司,北京市海淀区龙岗路51号院7号楼2层45室,北京外国语大学智能教室三期设备采购项目,1396.6000000（万元）,,北京外国语大学,北京市海淀区西三环北路2号,"杨老师,010-88816596",",010-88816596",中航技国际经贸发展有限公司,北京市朝阳区慧忠路5号远大中心B座20层,姜华、孙玉玲，010-883803503,,1,
XHTC-HW-2022-1656,2022年12月05日 21:13,http://www.ccgp.gov.cn/cggg/zygg/zbgg/202212/t20221205_19160479.htm,1,1,,北京富源天成科技有限公司,北京市海淀区唐家岭村南2幢二层204,北京师范大学计算机教室改造,765.0000000（万元）,,北京师范大学,北京市海淀区新街口外大街19号,滕老师zfcg@bnu.edu.cn,zfcg@bnu.edu.cn,新华招标有限公司,北京市海淀区莲花池东路39号西金大厦11层,叶子青、李硕、杜女士010-639059773,,1,
XHTC-HW-2022-1661,2022年12月05日 21:41,http://www.ccgp.gov.cn/cggg/zygg/zbgg/202212/t20221205_19160574.htm,1,1,,北京中天瑞合科技有限公司,北京市海淀区龙岗路51号院7号楼2层45室,北京师范大学教九楼计算机教室改造,327.9306000（万元）,,北京师范大学,北京市海淀区新街口外大街19号,滕老师zfcg@bnu.edu.cn,zfcg@bnu.edu.cn,新华招标有限公司,北京市海淀区莲花池东路39号西金大厦11层,叶子青、李硕、杜女士010-639059773,,1,
CFTC-BJ01-22011049,2022年12月06日 17:26,http://www.ccgp.gov.cn/cggg/zygg/zbgg/202212/t20221206_19168524.htm,1,1,,北京富源天成科技有限公司,北京市海淀区唐家岭村南2幢二层204,北京师范大学公共教室投影机更新项目二期,428.7800000（万元）,,北京师范大学,北京市新街口外大街19号,滕老师zfcg@bnu.edu.cn,zfcg@bnu.edu.cn,国金招标有限公司,北京市朝阳区东三环南路甲52号顺迈金钻国际商务中心9层9C,边璐、王珊珊、张金鑫、吴丹、张含勇010-562150503,,1,
CTIETC-HWZB-2205012,2022年08月01日 13:06,http://www.ccgp.gov.cn/cggg/zygg/zbgg/202208/t20220801_18370728.htm,1,1,,北京全德隆创意家具有限公司,北京市通州区张家湾镇后街村236号,北京航空航天大学老主楼智慧教室配套桌椅购置项目,395.9690000（万元）,,北京航空航天大学,北京市海淀区学院路37号,宋老师010-82317597,010-82317597,中贸国际工程招标（北京）有限公司,北京市丰台区西四环南路35号中都科技大厦516室,成凯、冯英山、陈雪松010-86203830、862038313,,1,
北林招（货）[2022]026号,2022年08月12日 18:07,http://www.ccgp.gov.cn/cggg/zygg/zbgg/202208/t20220812_18452285.htm,1,1,,北京中科晟宇科技有限公司,北京市房山区良乡凯旋大街建设路18号—D18367（集群注册）,北京林业大学学10号楼监控更换及中控室分控室监控安全系统采购项目,183.1000000（万元）,,北京林业大学,北京市海淀区清华东路35号,王老师010-62337427,010-62337427,新华招标有限公司,北京市海淀区莲花池东路39号西金大厦11层,刘聪赵静淑010-63905966、010-639059763,,1,
FG-DLP-2022-0608,2022年08月17日 15:07,http://www.ccgp.gov.cn/cggg/zygg/zbgg/202208/t20220817_18476305.htm,1,1,,北京大唐高鸿数据网络技术有限公司,北京市海淀区学院路40号3区3幢一层,北京师范大学附属中学演播室（录课教室）设备升级更新采购项目,397.0000000（万元）,,北京师范大学附属中学,北京市西城区南新华街18号,姚老师，010-83193000-7303,，010-83193000-7303,北京泛华国金工程咨询有限公司,北京市海淀区阜外亮甲店1号恩济西园产业园16A,尹润坪、高春荣010-88504133-80313,,1,
XHTC-HW-2022-0984,2022年08月17日 15:30,http://www.ccgp.gov.cn/cggg/zygg/zbgg/202208/t20220817_18476294.htm,1,1,,北京黎明文仪家具有限公司,北京市通州区中关村科技园区通州园金桥科技产业基地景盛南四街18号,北京师范大学教七楼公共教室家具购置项目,198.2086000（万元）,,北京师范大学,北京市海淀区新街口外大街19号,滕老师zfcg@bnu.edu.cn,zfcg@bnu.edu.cn,新华招标有限公司,北京市海淀区莲花池东路39号西金大厦11层,叶子青、李硕010-639059773,,1,
ZZGX-GK2022-0710,2022年08月30日 17:37,http://www.ccgp.gov.cn/cggg/zygg/zbgg/202208/t20220830_18560874.htm,1,1,,珠海市联创办公设备有限公司,珠海市香洲区碧海路77号濠海大厦11号车库,北京师范大学珠海校区公共教室、会议室、报告厅室等场所设施设备驻点服务项目,130.9000000（万元）,,北京师范大学珠海校区,珠海市香洲区唐家湾金凤路18号,尤老师0756-3683857,0756-3683857,广东中洲国信建设管理咨询有限公司,珠海市香洲区洲山路13号A座3楼,陈工0756-63442183,,1,
BIECC-22ZB0543/中传招标【2022】第042号,2022年09月02日 10:48,http://www.ccgp.gov.cn/cggg/zygg/zbgg/202209/t20220902_18581564.htm,1,1,,北京东方正龙数字技术有限公司,北京市海淀区上地三街9号D座九层D1012,中国传媒大学多语种翻译实训室采购项目,157.6530000（万元）,,中国传媒大学,北京市朝阳区定福庄东街一号,耿老师010-65783477,010-65783477,北京国际工程咨询有限公司,北京市海淀区学院路30号科大天工大厦A座6层,王蕾蕾、杨梦雪010-823735323,,1,
0873-2201HW6L0431,2022年09月06日 17:26,http://www.ccgp.gov.cn/cggg/zygg/zbgg/202209/t20220906_18605612.htm,1,1,,天津天堰科技股份有限公司,华苑产业区海泰西路18号西6--301、302工业孵化,北京大学医学部多媒体教室配套设备采购项目,52.9456000（万元）,,北京大学医学部,北京市海淀区学院路38号,凌老师，010-82801359,，010-82801359,北京中教仪国际招标代理有限公司,北京市海淀区文慧园北路10号,王磊、刘欣、施歌、杨硕、陈清010-59893127、010-59893109、010-598931293,,1,
BUPT-HWXCZB-22019（CFTC-BJ01-2207046）,2022年09月14日 19:29,http://www.ccgp.gov.cn/cggg/zygg/zbgg/202209/t20220914_18650755.htm,1,1,,北京悦诚铭达科技有限公司,北京市昌平区黄平路19号院2号6层603-C,北京邮电大学沙河校区专教教室建设项目,146.5678000（万元）,,北京邮电大学,北京市海淀区西土城路10号,周老师010-62282312,010-62282312,国金招标有限公司,北京市朝阳区东三环南路甲52号顺迈金钻国际商务中心9层9C,王珊珊、边璐、吴丹、杨振豪、张含勇010-562150503,,1,
BIECC-22ZB0547,2022年09月16日 15:03,http://www.ccgp.gov.cn/cggg/zygg/zbgg/202209/t20220916_18663557.htm,1,1,,北京竹远科创科技股份有限公司,北京市海淀区上地三街9号D座7层D806-5,中国矿业大学（北京）沙河校区智慧教室建设项目,142.9820000（万元）,,中国矿业大学（北京）,北京市海淀区学院路丁11号,许老师，010-62331945,，010-62331945,北京国际工程咨询有限公司,北京市海淀区学院路30号科大天工大厦A座六层,李博龙、朱晨钰010-823760903,,1,
HW-2022011-MD0134,2022年07月12日 10:06,http://www.ccgp.gov.cn/cggg/zygg/zbgg/202207/t20220712_18243979.htm,1,1,,北京悦诚铭达科技有限公司,北京市昌平区黄平路19号院2号6层603-C,中央财经大学教室、会议室多媒体设备升级改造采购项目,49.8915000（万元）,,中央财经大学,北京海淀区学院南路39号,闫老师；010-62289113,；010-62289113,北京明德致信咨询有限公司,北京市海淀区学院路30号科大天工大厦A座六层16室（邮编：100083）,刘亚运、颜华、吕绍山、王爽，010-82370045、159108478653,,1,
BIECC-22ZB0400,2022年07月12日 19:41,http://www.ccgp.gov.cn/cggg/zygg/zbgg/202207/t20220712_18250656.htm,1,1,,北京银盾保安服务有限公司,北京市昌平区北七家镇曹碾村3号,中国地质大学(北京)2022—2024年科研楼、学17楼消防中控管理服务,197.7600000（万元）,,中国地质大学（北京）,北京市海淀区学院路29号,田老师，010-82323930,，010-82323930,北京国际工程咨询有限公司,北京市海淀区学院路30号科大天工大厦A座611,李博龙、朱晨钰010-823767253,,1,
0873-2201HW5L0240（清设招第2022116号）,2022年07月13日 17:09,http://www.ccgp.gov.cn/cggg/zygg/zbgg/202207/t20220713_18257300.htm,1,1,,北京市博汇科技股份有限公司,北京市海淀区丰贤中路7号(孵化楼)5层501,清华大学六教中控室信息化教学环境升级改造,405.2991000（万元）,,清华大学,北京市海淀区清华园,关老师010-62796244,010-62796244,北京中教仪国际招标代理有限公司,北京市海淀区文慧园北路10号,施歌、王磊、杨硕、刘欣、谢杰、杨轶、陈清010-59893121、010-59893127、010-598931293,,1,
BIECC-22ZB0408,2022年07月15日 17:14,http://www.ccgp.gov.cn/cggg/zygg/zbgg/202207/t20220715_18273420.htm,1,1,,北京竹远科创科技股份有限公司,北京市海淀区上地三街9号D座7层D806-5,中国矿业大学（北京）学院路校区智慧教室建设项目,295.6626000（万元）,,中国矿业大学（北京）,北京市海淀区学院路丁11号,许老师，010-62331945,，010-62331945,北京国际工程咨询有限公司,北京市海淀区学院路30号科大天工大厦A座611,李博龙、朱晨钰010-823767253,,1,
OITC-G220311197,2022年07月19日 12:23,http://www.ccgp.gov.cn/cggg/zygg/zbgg/202207/t20220719_18288639.htm,"1,2,3",3,,"北京竹远科创科技股份有限公司,北京市博汇科技股份有限公司,北京伟森盛业家具有限公司","北京市朝阳区仓营村0号华成文创园3-1,北京市海淀区铃兰路8号院万科翠湖国际北1号楼,北京市朝阳区下甸甲三号尚8广告园三单元地下一层",北京大学第一教学楼智慧教室改造招标采购项目,"357.1680000（万元）,186.2991000（万元）,182.4667000（万元）",,北京大学,北京市海淀区颐和园路5号,吴老师010-62758587,010-62758587,东方国际招标有限责任公司,北京市海淀区西三环北路甲2号院科技园6号楼13层01室,王军、郭宇涵、李雯；010-682905083,,1,
CTIETC-HWZB-2205011,2022年07月19日 15:37,http://www.ccgp.gov.cn/cggg/zygg/zbgg/202207/t20220719_18290218.htm,1,1,,北京竞业达数码科技股份有限公司,北京市海淀区银桦路60号院6号楼,北京航空航天大学老主楼智慧教室配套教学设备购置项目,1258.0000000（万元）,,北京航空航天大学,北京市海淀区学院路37号,宋老师010-82317597,010-82317597,中贸国际工程招标（北京）有限公司,北京市丰台区西四环南路35号中都科技大厦516室,成凯、冯英山、陈雪松010-86203830、862038313,,1,
HCZB-2022-ZB0335,2022年07月19日 17:46,http://www.ccgp.gov.cn/cggg/zygg/zbgg/202207/t20220719_18293645.htm,1,1,,北京国杰科技有限公司,北京市海淀区清河安宁庄东路18号2号楼一层05室,北师大实验中学教室教学用部分多媒体设备更新与弱电改造项目,293.5930000（万元）,,北京师范大学,北京市西城区二龙路14号,沈老师010-66526075,010-66526075,华采招标集团有限公司,010-63509799-8112/8024,贾东敏、蒲晓芳、姚冲、刘金秀3,,1,
0873-2201HW2L0189,2022年07月20日 17:26,http://www.ccgp.gov.cn/cggg/zygg/zbgg/202207/t20220720_18301157.htm,1,1,,北京国信晟通科技发展有限公司,北京市海淀区蓝靛厂南路25号1幢5层07-1号,北京外国语大学北校区多媒体教室建设项目,398.6561000（万元）,,北京外国语大学,北京海淀区西三环北路2号,杨老师010-88816596,010-88816596,北京中教仪国际招标代理有限公司,北京市海淀区文慧园北路10号,蒋旭、陈清、谢杰、韩寿国、杨硕、刘欣，010-59893113、31123,,1,
0873-2201HW5L0341,2022年07月21日 16:59,http://www.ccgp.gov.cn/cggg/zygg/zbgg/202207/t20220721_18309229.htm,1,1,,北京君与珺合科技有限公司,北京市海淀区后屯南路26号3层3-17,北京大学医学部小型教室显示系统升级项目,97.5950000（万元）,,北京大学医学部,北京市海淀区学院路38号,凌老师010-82801359,010-82801359,北京中教仪国际招标代理有限公司,北京市海淀区文慧园北路10号,施歌、王磊、杨硕、刘欣010-59893121、010-59893127、010-598931293,,1,
BIECC-22ZB0318,2022年07月22日 07:56,http://www.ccgp.gov.cn/cggg/zygg/zbgg/202207/t20220722_18311772.htm,1,1,,北京竹远科创科技股份有限公司,北京市海淀区上地三街9号D座7层D806-5,北京语言大学多媒体教室升级改造项目,803.8680000（万元）,,北京语言大学,北京市海淀区学院路15号,李老师82303461,82303461,北京国际工程咨询有限公司,北京市海淀区学院路30号科大天工大厦A座6层611室,张乐、王经理010-823751623,,1,
FG-DLP-2022-0608,2022年07月27日 10:31,http://www.ccgp.gov.cn/cggg/zygg/zbgg/202207/t20220727_18342369.htm,1,1,,北京益泰电子集团有限责任公司,北京市海淀区北洼路6号,北京师范大学附属中学演播室（录课教室）设备升级更新采购项目,405.6300000（万元）,,北京师范大学附属中学,北京市西城区南新华街18号,姚老师，010-83193000-7303,，010-83193000-7303,北京泛华国金工程咨询有限公司,北京市海淀区阜外亮甲店1号恩济西园产业园16A,尹润坪、高春荣010-88504133-80313,,1,
ZBXM20220505150406/TC221902Q,2022年06月16日 15:30,http://www.ccgp.gov.cn/cggg/zygg/zbgg/202206/t20220616_18089841.htm,1,1,,北京竞业达数码科技股份有限公司,北京市门头沟区石龙工业区雅安路6号院1号楼C座8层805,北京中医药大学和平街校区学八楼教室建设项目,286.9000000（万元）,,北京中医药大学,北京市朝阳区北三环东路11号,胡老师，010-53911758,，010-53911758,中招国际招标有限公司,北京市海淀区学院南路62号中关村资本大厦,蒋雪娜、陈思佳、张涵睿、孙慧、邓嘉莹，010-61954120、621082713,,1,
0873-2201HW6L0237,2022年06月17日 15:14,http://www.ccgp.gov.cn/cggg/zygg/zbgg/202206/t20220617_18097714.htm,1,1,,成都泰盟软件有限公司,中国（四川）自由贸易试验区成都高新区天府大道中段1388号1幢1106号,北京大学医学部三面屏环绕沉浸式实训室采购项目,80.0000000（万元）,,北京大学医学部,北京市海淀区学院路38号,凌老师010-82801359,010-82801359,北京中教仪国际招标代理有限公司,北京市海淀区文慧园北路10号,王磊、刘欣、施歌、杨硕010-59893127、010-59893109、010-598931293,,1,
HCZB-2022-ZB0473,2022年06月20日 18:16,http://www.ccgp.gov.cn/cggg/zygg/zbgg/202206/t20220620_18111633.htm,1,1,,北京竹远科创科技股份有限公司,北京市海淀区上地三街9号D座7层D806-5,华北电力大学教室多媒体教学设备升级项目,95.8120000（万元）,,华北电力大学,北京市昌平区回龙观北农路2号,张老师010-61772996,010-61772996,华采招标集团有限公司,北京市丰台区广安路9号国投财富广场6号楼1601室,贾东敏、蒲晓芳010-63509799-8112/80243,,1,
HCZB-2022-ZB0523,2022年06月22日 12:37,http://www.ccgp.gov.cn/cggg/zygg/zbgg/202206/t20220622_18123843.htm,1,1,,北京竹远科创科技股份有限公司,北京市海淀区上地三街9号D座7层D806-5,北京科技大学多媒体教室设备升级改造,275.6000000（万元）,,北京科技大学,北京市海淀区学院路30号,何老师010-62332135,010-62332135,华采招标集团有限公司,北京市丰台区广安路9号国投财富广场6号楼1601室,贾东敏、蒲晓芳、姚冲、刘金秀010-63509799-8112/80243,,1,
BIECC-22ZB0370/清设招第2022131号,2022年06月27日 16:36,http://www.ccgp.gov.cn/cggg/zygg/zbgg/202206/t20220627_18153291.htm,1,1,,北京格林视讯科技有限公司,北京市海淀区三里河路1号3号楼二层5324,清华大学附属中学B106教室音视频系统升级改造项目,93.0000000（万元）,,清华大学,北京市海淀区清华大学，邮编100084,010-62789532,-62789532,北京国际工程咨询有限公司,北京市海淀区学院路30号科大天工大厦A座611,王蕾蕾、杨梦雪010-823735323,,1,
0873-2201HW4L0261,2022年06月29日 07:43,http://www.ccgp.gov.cn/cggg/zygg/zbgg/202206/t20220629_18165576.htm,1,1,,北京基线天成科技有限公司,北京市海淀区东北旺西路8号院25号楼4层428室,中国人民大学1302教室优化升级购置项目,178.8000000（万元）,,中国人民大学,北京市海淀区中关村大街59号,苏老师010-62511204,010-62511204,北京中教仪国际招标代理有限公司,北京市海淀区文慧园北路10号,陆炜、韩寿国、丁玲、蒋旭010-59893116、3123、31253,,1,
0873-2201HW5L0274,2022年07月05日 15:53,http://www.ccgp.gov.cn/cggg/zygg/zbgg/202207/t20220705_18204318.htm,1,1,,北京鑫台华科技有限公司,北京市丰台区科学城星火路10号1号楼4层451室,北京大学医学部网络中央控制器、控制面板等采购项目,349.9430000（万元）,,北京大学医学部,北京市海淀区学院路38号,凌老师，010-82801359,，010-82801359,北京中教仪国际招标代理有限公司,北京市海淀区文慧园北路10号,施歌、王磊、杨硕、刘欣，010-59893121、010-59893127、010-598931293,,1,
XHTC-HW-2022-0612,2022年07月06日 09:26,http://www.ccgp.gov.cn/cggg/zygg/zbgg/202207/t20220706_18208986.htm,1,1,,北京晨光溢海数码科技有限公司,北京市通州区新华北街75号,中国人民大学2022年公共教室多媒体设备升级改造项目,303.0000000（万元）,,中国人民大学,北京市海淀区中关村大街59号,肖老师010-62511204,010-62511204,新华招标有限公司,北京市海淀区莲花池东路39号西金大厦11层新华招标,唐靖凯010-63905975、张际阳010-639059723,,1,
BIECC-22ZB0080/清设招第2022029,2022年03月25日 18:00,http://www.ccgp.gov.cn/cggg/zygg/zbgg/202203/t20220325_17705959.htm,1,1,,北京全德隆创意家具有限公司,北京市通州区张家湾镇后街村236号,清华大学附属小学双清苑校区教学家具专用教室家具采购项目,321.2120000（万元）,,清华大学,北京市海淀区清华大学，邮编100084,郭老师62781772,62781772,北京国际工程咨询有限公司,北京市海淀区学院路30号科大天工大厦A座611,王蕾蕾、刘佳、梁超010-823735323,,1,
CFTC-BJ01-2204051,2022年06月01日 18:12,http://www.ccgp.gov.cn/cggg/zygg/zbgg/202206/t20220601_18008343.htm,1,1,,北京蓝海达信科技有限公司,北京市海淀区上地三街9号D座7层D806-1,多媒体教室及报告厅服务保障,55.8000000（万元）,,北京第二外国语学院,北京市朝阳区定福庄南里1号,李老师010-65778012,010-65778012,国金招标有限公司,北京市朝阳区东三环南路甲52号顺迈金钻国际商务中心9层9C,边璐杨振豪王珊珊张含勇010-562150503,,1,
0873-2201HW5L0138,2022年06月08日 19:12,http://www.ccgp.gov.cn/cggg/zygg/zbgg/202206/t20220608_18043512.htm,1,1,,北京时代文仪家具有限公司,北京市通州区榆景东路5号院28号楼1层101,北京大学医学图书馆家具(阅览桌椅、学术研讨室桌椅、讲台类)采购项目,262.6780000（万元）,,北京大学医学部,北京市海淀区学院路38号,凌老师，010-82801359,，010-82801359,北京中教仪国际招标代理有限公司,北京市海淀区文慧园北路10号,施歌、王磊、杨硕、刘欣，010-59893121、010-59893127、010-598931293,,1,
ZB202211279,2022年12月07日 17:27,http://www.ccgp.gov.cn/cggg/zygg/zbgg/202212/t20221207_19177556.htm,1,1,,德清瀚海智能科技有限公司,浙江省湖州市德清县舞阳街道德清地理信息小镇创新园C5幢104室（莫干山国家高新区）,中国科学技术大学教室学情分析系统环境采购项目,155.7000000（万元）,,中国科学技术大学,合肥市金寨路96号,宣老师；0551-63602706,；0551-63602706,鼎信数智技术集团股份有限公司,合肥市经开区翡翠路与芙蓉路交口港澳广场A座17-20层,汪工；0551-65860109-86113,,3,
ZF2022-06-0687,2022年10月21日 23:08,http://www.ccgp.gov.cn/cggg/zygg/zbgg/202210/t20221021_18867869.htm,1,1,,安徽中广视诚科技有限公司,安徽省合肥市高新区香樟大道211号香枫创意园A座303室,中国科学技术大学教学五楼5101多功能智慧教室教学设备,219.3807000（万元）,,中国科学技术大学,合肥市金寨路96号,邵老师0551-63606483,0551-63606483,安徽省招标集团股份有限公司,合肥市包河大道236号,"应急客服电话：0551-62220153（接听时间：8:30-12:00,13:30-17:30，节假日除外。潜在投标人应优先拨打项目联系人联系电话，无人接听时再拨打该“应急客服电话”）3",,3,
WZCG-2022-035,2022年12月21日 22:49,http://www.ccgp.gov.cn/cggg/zygg/zbgg/202212/t20221221_19275871.htm,1,1,,成都市东逸致盛家具有限公司,成都崇州经济开发区晨曦大道北段808号,西南交通大学犀浦校区专业教室家具采购项目,152.0218000（万元）,,西南交通大学,四川省成都市郫都区犀安路999号西南交通大学犀浦校区综合楼703室,联系人：贾老师；电话：028-66367322,：贾老师；电话：028-66367322,中航技国际经贸发展有限公司,成都市高新区益州大道北段777号中航国际交流中心A座1501-1502、1508-1510号,联系人：贾静、孙蕾；联系电话：028-86266522/86266520/86246522/83199376-603、6083,,4,
YQCG-2022-314,2022年12月22日 20:48,http://www.ccgp.gov.cn/cggg/zygg/zbgg/202212/t20221222_19282524.htm,1,1,,四川省元通润达信息技术有限公司,中国（四川）自由贸易试验区成都高新区府城大道西段505号1栋1单元1408号,西南交通大学公共教室多媒体设备设施采购项目,1347.0000000（万元）,,西南交通大学,四川省成都市郫都区犀安路999号西南交通大学犀浦校区综合楼703室,联系人：贾老师；联系电话：028-66367322,：贾老师；联系电话：028-66367322,中航技国际经贸发展有限公司,成都市高新区益州大道北段777号中航国际交流中心A座1501-1502、1508-1510号,联系人：贾静、孙蕾；联系电话：028-86266522/86266520/86246522/83199376-603、6083,,4,
YQCG-2022-317,2022年12月22日 20:50,http://www.ccgp.gov.cn/cggg/zygg/zbgg/202212/t20221222_19282532.htm,1,1,,四川米乃贸易有限公司,中国（四川）自由贸易试验区成都高新区天府大道中段1388号1栋8层865号,西南交通大学犀浦校区专业教室设备采购项目,503.2280000（万元）,,西南交通大学,四川省成都市郫都区犀安路999号西南交通大学犀浦校区综合楼703室,联系人：贾老师；联系电话：028-66367322,：贾老师；联系电话：028-66367322,中航技国际经贸发展有限公司,成都市高新区益州大道北段777号中航国际交流中心A座1501-1502、1508-1510号,联系人：贾静、孙蕾；联系电话：028-86266522/86266520/86246522/83199376-603、6083,,4,
HW20220019401,2022年12月26日 22:47,http://www.ccgp.gov.cn/cggg/zygg/zbgg/202212/t20221226_19301548.htm,"1,2,3,4",4,,"第一包：供应商名称：四川省通信产业服务有限公司,第二包：供应商名称：成都汇和科技有限公司,第四包：供应商名称：四川宇德中创信息科技有限公司,第五包：供应商名称：成都建海教育设备有限公司","中国（四川）自由贸易试验区成都高新区天韵路186号高新国际广场E座,成都市武侯区一环路南1段12号,四川省成都市成华区一环路东一段159号电子信息产业大厦1栋第一层106号-3号,成都市武侯区洗面桥街22号1幢1单元11楼2号",电子科技大学智慧校园建设采购项目,"558.8000000（万元）,538.3000000（万元）,335.9000000（万元）,2498.9800000（万元）",,电子科技大学,成都市高新区（西区）西源大道2006号,联系人：张老师；联系电话：028-61830809,：张老师；联系电话：028-61830809,中金招标有限责任公司,成都市高新区天晖路360号晶科1号商务楼20楼,联系人：高磊；联系电话：028-844691983,,4,
YQCG-2022-042,2022年11月25日 14:17,http://www.ccgp.gov.cn/cggg/zygg/zbgg/202211/t20221125_19088786.htm,1,1,,四川新迎顺信息技术股份有限公司,成都市武侯区航空路6号丰德国际广场4号楼1单元6楼,西南交通大学“交大-九洲产教融合项目”实训室信息化设备采购项目,182.6500000（万元）,,西南交通大学,四川省成都市郫都区犀安路999号西南交通大学犀浦校区综合楼703室,贾老师、028-66367322,、028-66367322,四川国际招标有限责任公司,中国（四川）自由贸易试验区成都市高新区天府四街66号2栋22层1号,陈先生、028-87797107，87796339，87793103，87797837转819或130081056043,,4,
YQCG-2022-049,2022年12月06日 15:16,http://www.ccgp.gov.cn/cggg/zygg/zbgg/202212/t20221206_19165130.htm,1,1,,思腾合力（天津）科技有限公司,天津经济技术开发区逸仙科学工业园翠浦道1号,西南交通大学人工智能实训室设备采购二期项目,129.1000000（万元）,,西南交通大学,四川省成都市郫都区犀安路999号西南交通大学犀浦校区综合楼703室,联系人：贾老师；联系电话：028-66367322,：贾老师；联系电话：028-66367322,中航技国际经贸发展有限公司,成都市高新区益州大道北段777号中航国际交流中心A座1501-1502、1508-1510号,联系人：贾静、易力；联系电话：028-86266520、86266522、86246522、83199376转603、6093,,4,
YQCG-2022-131,2022年12月17日 19:18,http://www.ccgp.gov.cn/cggg/zygg/zbgg/202212/t20221217_19250100.htm,1,1,,四川蓝畅科技有限公司,成都市武侯区洗面桥街39号1栋1单元5层12号,西南交通大学新文科智慧实训室设备采购项目,980.0000000（万元）,,西南交通大学,四川省成都市郫都区犀安路999号,联系人：贾老师；电话：028-66367322；,：贾老师；电话：028-66367322；,中金招标有限责任公司,成都市高新区天晖路360号晶科1号商务楼20楼,联系人：童老师；联系电话：028-84469198；传真：028-84477537。3,,4,
YQCG-2022-169,2022年12月18日 18:03,http://www.ccgp.gov.cn/cggg/zygg/zbgg/202212/t20221218_19251063.htm,1,1,,四川卓通信息技术有限责任公司,中国（四川）自由贸易试验区成都市高新区府城大道西段399号7栋2单元7层708号,西南交通大学智慧校园数据中心计算资源扩容项目,415.8000000（万元）,,西南交通大学,四川省成都市郫都区犀安路999号西南交通大学犀浦校区综合楼703室,联系人：贾老师；电话：028-66367322,：贾老师；电话：028-66367322,中航技国际经贸发展有限公司,成都市高新区益州大道北段777号中航国际交流中心A座1501-1502、1508-1510号,联系人：贾静、易力；联系电话：028-86266522/86266520/86246522/83199376-603、6093,,4,
YQCG-2022-170,2022年12月18日 20:20,http://www.ccgp.gov.cn/cggg/zygg/zbgg/202212/t20221218_19251377.htm,1,1,,四川卓通信息技术有限责任公司,中国（四川）自由贸易试验区成都市高新区府城大道西段399号7栋2单元7层708号,西南交通大学智慧校园零信任安全平台建设项目,148.6000000（万元）,,西南交通大学,四川省成都市郫都区犀安路999号,联系人：贾老师；联系电话：028-66367322,：贾老师；联系电话：028-66367322,中金招标有限责任公司,成都市高新区天晖路360号晶科1号商务楼20楼,联系人：高磊；联系电话：028-844691983,,4,
YQCG-2022-241,2022年12月18日 20:21,http://www.ccgp.gov.cn/cggg/zygg/zbgg/202212/t20221218_19251342.htm,1,1,,四川省仁华科技有限公司,成都市武侯区黉门街36号1幢3楼302号,西南交通大学智慧校园一卡通邮件集群迁移改造采购项目,364.2000000（万元）,,西南交通大学,四川省成都市郫都区犀安路999号西南交通大学犀浦校区综合楼703室,贾老师、028-66367322,、028-66367322,四川国际招标有限责任公司,中国（四川）自由贸易试验区成都市高新区天府四街66号2栋22层1号,孙先生、028-87797107，87796339，87793103，87797837转819或181832781083,,4,
YQCG-2022-240,2022年12月20日 15:13,http://www.ccgp.gov.cn/cggg/zygg/zbgg/202212/t20221220_19264476.htm,1,1,,成都中科瑞为科技有限公司,中国（四川）自由贸易试验区成都高新区天府三街69号1栋15层1512号,西南交通大学智慧校园数据中心网络改造采购项目,386.8600000（万元）,,西南交通大学,四川省成都市郫都区犀安路999号西南交通大学犀浦校区综合楼703室,贾老师，028-66367322,，028-66367322,四川国际招标有限责任公司,中国（四川）自由贸易试验区成都市高新区天府四街66号2栋22层1号,陈先生，028-87797107，87796339，87793103，87797837转819或130081056043,,4,
YQCG-2022-338,2022年12月20日 21:26,http://www.ccgp.gov.cn/cggg/zygg/zbgg/202212/t20221220_19268627.htm,1,1,,四川省元通润达信息技术有限公司,中国（四川）自由贸易试验区成都高新区府城大道西段505号1栋1单元1408号,西南交通大学智慧教室设备购置采购项目,799.6922000（万元）,,西南交通大学,四川省成都市郫都区犀安路999号西南交通大学犀浦校区综合楼703室,贾老师;028-66367322,;028-66367322,四川乾新招投标代理有限公司,成都市高新区吉庆三路333号蜀都中心二期一号楼一单元401号,郭巧樾;028-61375575、62600820、62630990转6113,,4,
YQCG-2022-045,2022年11月11日 17:05,http://www.ccgp.gov.cn/cggg/zygg/zbgg/202211/t20221111_18996184.htm,1,1,,成都德瑞科技有限责任公司,四川省成都市高新区肖家河正街5号4幢1楼,西南交通大学机器人实训室设备采购（二期）,141.3500000（万元）,,西南交通大学,四川省成都市郫都区犀安路999号,联系人：贾老师；联系电话：028-66367322；,：贾老师；联系电话：028-66367322；,中金招标有限责任公司,成都市高新区天晖路360号晶科1号商务楼20楼；,联系人：高磊；联系电话：028-84469198；传真：028-844775373,,4,
ZB0101-202212-ZCHW0886,2022年12月23日 18:52,http://www.ccgp.gov.cn/cggg/zygg/zbgg/202212/t20221223_19289586.htm,1,1,,杭州海康威视系统技术有限公司,浙江省杭州市滨江区阡陌路555号1幢B楼19层,武汉理工大学教室感知软件平台项目,295.0500000（万元）,,武汉理工大学,湖北省武汉市洪山区珞狮路122号,027-87285928,027-87285928,湖北国华项目管理咨询有限公司,武汉市武昌区中北路109号中铁1818中心10楼,宋黎明、王刚、汪树新3,,5,
ZB0101-202212-ZCHW0887,2022年12月23日 18:52,http://www.ccgp.gov.cn/cggg/zygg/zbgg/202212/t20221223_19289584.htm,1,1,,武汉容大家具配套有限公司,武汉东湖新技术开发区华中科技大学科技园六路华中出版大楼东门3楼,武汉理工大学教室设备集成及环境改造项目,831.9708000（万元）,,武汉理工大学,湖北省武汉市洪山区珞狮路122号,027-87285928,027-87285928,湖北国华项目管理咨询有限公司,武汉市武昌区中北路109号中铁1818中心10楼,周梦伊、宋黎明、王刚、汪树新027-872727183,,5,
HBSF-ZC-22112575,2022年12月23日 19:30,http://www.ccgp.gov.cn/cggg/zygg/zbgg/202212/t20221223_19289730.htm,1,1,,武汉中建宇通建筑装饰工程有限公司,洪山区卓刀泉南路方家嘴保利浅水湾3栋2单元13层02室,武汉理工大学教室视频采集设备采购项目,438.6150000（万元）,,武汉理工大学,湖北省武汉市洪山区珞狮路122号,027-87285065,027-87285065,湖北世发招标有限公司,武汉市武昌区民主路789号侧院琪顺办公空间209室,张盛华、吴坤、胡丽萍、牛丽佳、田佼玉027-872960883,,5,
中南大货物类C23公招字[2022]011号,2022年12月27日 09:17,http://www.ccgp.gov.cn/cggg/zygg/zbgg/202212/t20221227_19302116.htm,1,1,,武汉四维空间智能科技有限公司,武汉东湖新技术开发区汤逊湖北路36号新能源研发基地3号楼一单元3号316室,数字化转型建设（一期）设备购置与更新项目--智慧教室设备升级--数字资源制作及标准化考场扩容设备采购,172.9000000（万元）,,中南财经政法大学,武汉市东湖新技术开发区南湖大道182号,向老师027-88386160,027-88386160,鼎正工程咨询股份有限公司,武汉市洪山区文化大道555号融创智谷A7-4,汪艳燕胡章蓉潘胜强张愉027-81321519-6033,,5,
WHQDZC2022-226（校内采购编号：DDCG-20221255）,2023年01月16日 19:32,http://www.ccgp.gov.cn/cggg/zygg/zbgg/202301/t20230116_19382949.htm,1,1,,武汉乾尚科技有限公司,洪山区广八路32号宏盛公寓502室,中国地质大学（武汉）“MBA智慧教室电子黑板/电子班排/教学综合控制系统”,797.9670000（万元）,,中国地质大学（武汉）,武汉市洪山区鲁磨路388号,李老师027-67886243,027-67886243,武汉千代工程建设招标代理有限公司,武汉市汉阳区龙阳大道龙阳时代A座16楼,周文艳、王瑞、金冬、昌亮027-847668773,,5,
中南大货物类C23公招字[2022]011号,2022年12月05日 21:32,http://www.ccgp.gov.cn/cggg/zygg/zbgg/202212/t20221205_19160545.htm,1,1,,北京竞业达数码科技股份有限公司,北京市门头沟区石龙工业区雅安路6号院1号楼C座8层805,数字化转型建设（一期）设备购置与更新项目--智慧教室设备升级--数字资源制作及标准化考场扩容设备采购,59.2000000（万元）,,中南财经政法大学,武汉市东湖新技术开发区南湖大道182号,向老师027-88386160,027-88386160,鼎正工程咨询股份有限公司,武汉市洪山区文化大道555号融创智谷A7-4,汪艳燕胡章蓉潘胜强张愉027-81321519-6033,,5,
中南大货物类C58公招字【2022】037号,2022年12月14日 16:39,http://www.ccgp.gov.cn/cggg/zygg/zbgg/202212/t20221214_19227958.htm,1,1,,湖北兴华教投信息技术有限公司,武汉市东湖新技术开发区华师园北路18号光谷科技港4栋7层709室,体质健康发展中心设备购置与设备更新项目——沉浸式智慧教室设备购置,197.7520000（万元）,,中南财经政法大学,武汉市东湖新技术开发区南湖大道182号,周老师027-88387301,027-88387301,先行项目管理咨询有限公司,武汉市洪山区徐东路汪家墩18号龙潭SOMOA座18楼,陶工、阮工15527021409027-882289083,,5,
ZB0107-202211-ZCHW0815,2022年12月15日 13:05,http://www.ccgp.gov.cn/cggg/zygg/zbgg/202212/t20221215_19234044.htm,1,1,,长城计算机软件与系统有限公司,北京市海淀区中关村东路66号甲1号楼17-19层,武汉大学智慧教室建设及多媒体教室改造（一期）采购项目,1145.8130000（万元）,,武汉大学,武汉市武昌区八一路299号,吴老师027-68754589,027-68754589,湖北国华项目管理咨询有限公司,武汉市武昌区中北路109号中铁1818中心10楼,杨楚君王丹萍王刚张靖佶刘晓栋027-872719183,,5,
DDCG-20221130,2022年12月18日 20:11,http://www.ccgp.gov.cn/cggg/zygg/zbgg/202212/t20221218_19251305.htm,1,1,,中科星图股份有限公司,北京市顺义区临空经济核心区机场东路2号(产业园1A-4号1、5、7层),智慧校园大脑引擎--数字校园仿真实景引擎平台,238.8000000（万元）,,中国地质大学（武汉）,武汉市洪山区鲁磨路388号,赵老师027-67886471陈老师027-67886143（技术联系人）,027-67886471陈老师027-67886143（技术联系人）,上海容基工程项目管理有限公司,武汉市江岸区金桥大道107号凯信资本大厦3号楼8楼801室,程莹莹、李创、王诗恒、刘祥、裴彧燊177630989263,,5,
DDCG-20221131,2022年12月18日 20:12,http://www.ccgp.gov.cn/cggg/zygg/zbgg/202212/t20221218_19251307.htm,1,1,,讯飞智元信息科技有限公司,合肥市高新区望江西路666号讯飞大厦8层-10层,智慧校园大脑引擎--智慧校园知识库平台,261.0000000（万元）,,中国地质大学（武汉）,武汉市洪山区鲁磨路388号,赵老师027-67886471陈老师027-67886143（技术联系人）,027-67886471陈老师027-67886143（技术联系人）,上海容基工程项目管理有限公司,武汉市江岸区金桥大道107号凯信资本大厦3号楼8楼801室,程莹莹、李创、王诗恒、刘祥、裴彧燊177630989263,,5,
ZF2022-HB-0965,2022年12月19日 18:11,http://www.ccgp.gov.cn/cggg/zygg/zbgg/202212/t20221219_19259088.htm,1,1,,中体慧晟（武汉）科技有限公司,武汉市江岸区花桥街道江大路30号17栋1-7层,武汉理工大学智慧校园体育管理平台,119.0000000（万元）,,武汉理工大学,武汉市洪山区珞狮路122号,张老师、027-87645256,、027-87645256,安徽省招标集团股份有限公司,湖北省武汉市硚口区解放大道586号同馨商务大厦21层2102室,袁童、陈林雅027-83828199、159569838833,,5,
招案2022-4146（地大编号：DDCG-20221247）,2022年12月21日 10:21,http://www.ccgp.gov.cn/cggg/zygg/zbgg/202212/t20221221_19270093.htm,1,1,,讯飞智元信息科技有限公司,合肥市高新区望江西路666号讯飞大厦8层-10层,中国地质大学（武汉）智慧教室建设项目,947.6590000（万元）,,中国地质大学（武汉）,武汉市洪山区鲁磨路388号,陈老师，027-67886485；技术联系人：王老师，027-67886199,，027-67886485；技术联系人：王老师，027-67886199,上海中世建设咨询有限公司,武汉市洪山区欢乐大道1号德成国贸中心A座709室（岳家嘴地铁站D出口）,熊赣、王帆、秦贝；027-86602235-806、027-86602235-801；xionggan@cwcc.net.cn3,,5,
WHCSIMC2022-1302756ZF(H),2022年12月21日 15:20,http://www.ccgp.gov.cn/cggg/zygg/zbgg/202212/t20221221_19272022.htm,"1,2,3,4,5",5,,"第1包：西安博达软件股份有限公司,第2包：广东盈世计算机科技有限公司,第3包：江苏金智教育信息股份有限公司,第4包：南京新慧团信息科技有限公司,第5包：上海万雍科技股份有限公司","陕西省西安市高新区锦业路125号第201幢13层,广州市番禺区小谷围街青蓝街28号3栋7-10层,南京市江宁区天元西路59号南京科亚科技创业园一号楼10、11、12层,南京市玄武区玄武大道699号-22号9幢,上海市松江区中辰路299号1幢549室",武汉大学智慧校园应用软件建设项目,"58.5000000（万元）,89.8000000（万元）,178.0000000（万元）,51.1600000（万元）,62.0000000（万元）",,武汉大学,武汉市武昌珞珈山,吴老师(027)68754589,(027)68754589,中科器湖北有限公司,湖北省武汉市东湖新技术开发区高新大道666号国药大厦A20栋（中国医疗器械有限公司大楼）10楼中科器湖北有限公司,刘志轩、袁诗、陈文静（027）84888155，848881563,,5,
HBDX-2022-050,2022年12月22日 18:27,http://www.ccgp.gov.cn/cggg/zygg/zbgg/202212/t20221222_19281950.htm,1,1,,武汉华初科技有限公司,武昌区徐家棚街和平大道750号绿地国际金融城A01-1地块一期2、3、4栋3号楼单元13层11号-2,智慧讲台采购,676.3440000（万元）,,武汉理工大学,湖北省武汉市洪山区珞狮路122号,赵老师027-87285928,027-87285928,湖北大绪工程项目管理有限公司,武汉市武昌区和平大道716号恒大世纪广场49楼,许维肖繁王珊翁昕卓156291931603,,5,
2022-0568-mi,2022年12月13日 17:05,http://www.ccgp.gov.cn/cggg/zygg/zbgg/202212/t20221213_19219993.htm,1,1,,隆创信息有限公司,南京市雨花台区宁双路19号云密城F栋十二层,上海财经大学第四教学楼通用型智慧教室建设,750.6000000（万元）,,上海财经大学,上海市国定路777号,许老师、毛老师021-65904549,、毛老师021-65904549,上海教育建设管理咨询有限公司,上海市钦江路88号东楼六楼,朱海强1455681050@qq.com3,,7,
上海财经大学,2022年12月13日 17:22,http://www.ccgp.gov.cn/cggg/zygg/zbgg/202212/t20221213_19220389.htm,1,1,,上海紫越网络科技股份有限公司,上海市金山区朱泾镇西林街246号123室J座,上海财经大学第四教学楼及武东路梯教网络远程智慧教室建设,865.8000000（万元）,,上海财经大学,上海市国定路777号,许老师、毛老师021-65904549,、毛老师021-65904549,上海教育建设管理咨询有限公司,上海市钦江路88号东楼六楼,朱海强1455681050@qq.com3,,7,
招设2022A00119（采购代理机构编号：ZZB-22275）,2022年12月22日 10:45,http://www.ccgp.gov.cn/cggg/zygg/zbgg/202212/t20221222_19277085.htm,1,1,,上海衡南智能科技有限公司,上海市闵行区友东路358号第11幢908-909室,上海交通大学东上院教室集控设备采购,423.5000000（万元）,,上海交通大学,上海市闵行区东川路800号,章老师，021-54747224,，021-54747224,上海华建工程建设咨询有限公司,上海市静安区石门二路258号9楼,唐寅，021-52524567*609183,,7,
HW20220287、ZCZB-2207-ZH097,2022年08月09日 18:04,http://www.ccgp.gov.cn/cggg/zygg/zbgg/202208/t20220809_18427508.htm,1,1,,湖北纵航建设工程有限公司,武汉市汉阳区代李湾7号1栋3层08-73号,华中科技大学10间多媒体教室设备采购项目,101.9200000（万元）,,华中科技大学,武汉市洪山区珞喻路1037号,李老师、（027）87540657,、（027）87540657,湖北嘉汇志诚招标咨询有限公司,武汉市武昌区和平大道513号绿地铭创大厦2005室,祝晶、廖寿杰027-86652085-8073,,5,
THCX-HW-2022-2-054,2022年10月21日 15:14,http://www.ccgp.gov.cn/cggg/zygg/zbgg/202210/t20221021_18862498.htm,1,1,,广州市新楠方智能家具有限公司,广州市白云区钟落潭镇竹料大道东29号之四1栋101室,武汉大学工学部五教阶梯教室等课桌椅购置项目,179.8200000（万元）,,武汉大学,武汉市武昌珞珈山,吴老师，027-68754589,，027-68754589,武汉天汇诚信工程项目管理有限公司,武汉市江汉区新华西路大武汉1911写字楼A座16楼1-6号,熊二凤、李艳青、张怡027-65610396-8173,,5,
中南大货物类C23公招字[2022]011号,2022年12月05日 17:38,http://www.ccgp.gov.cn/cggg/zygg/zbgg/202212/t20221205_19158105.htm,1,1,,北京竞业达数码科技股份有限公司,北京市门头沟区石龙工业区雅安路6号院1号楼C座8层805,数字化转型建设（一期）设备购置与更新项目--智慧教室设备升级--数字资源制作及标准化考场扩容设备采购,59.2000000（万元）,,中南财经政法大学,武汉市东湖新技术开发区南湖大道182号,向老师027-88386160,027-88386160,鼎正工程咨询股份有限公司,武汉市洪山区文化大道555号融创智谷A7-4,汪艳燕胡章蓉潘胜强张愉027-81321519-6033,,5,
1904002078,2022年08月11日 14:13,http://www.ccgp.gov.cn/cggg/zygg/zbgg/202208/t20220811_18440249.htm,1,1,,上海育友信息技术有限公司,上海嘉定区佳通路31弄2号楼1006室,华东师范大学智慧语言教室采购,165.9630000（万元）,,华东师范大学,上海市中山北路3663号、东川路500号,刘老师、臧老师，021-62232260，021-33503431,、臧老师，021-62232260，021-33503431,上海国际招标有限公司,上海市延安西路358号美丽园大厦14楼,王海军，021-32173678，wanghaijun@shabidding.com3,,7,
 北林招（服）[ZB2022]100号（TC22190D2） , 2022年12月17日 08:29 , http://www.ccgp.gov.cn/cggg/zygg/zbgg/202212/t20221217_19249421.htm ,1,1," 
 ", 北京竹远科创科技股份有限公司 , 北京市海淀区上地三街9号D座7层D806-5 , 北京林业大学多媒体教室常态化录播采购项目 , 841.1000000（万元） ," 
 ", 北京林业大学 , 北京市海淀区清华东路35号 , 李老师，,010-62337427 , 中招国际招标有限公司 , 北京市海淀区学院南路62号中关村资本大厦 , 张涵睿、李迎澳、蒋雪娜、陈思佳，010-61954121、4120、41223 ," 
 ", 1 , 8 
 智慧教室设施更新项目 , 2022年12月23日 16:31 , http://www.ccgp.gov.cn/cggg/dfgg/zbgg/202212/t20221223_19287720.htm ,1,1," 
 ", 北京伟森盛业家具有限公司 , 河北省唐山市汉沽管理区临津产业园 , 智慧教室设施更新项目 , 246.3083000（万元） ," 
 ", 对外经济贸易大学 , 北京市朝阳区惠新东街10号 , 冯明飞老师,010-64494571 , 北京国际贸易有限公司 , 北京市朝阳区建国门外大街甲3号 , 郑捷、李姝、韩越，010-85343324/3435138109697693 ," 
 ", 1 , 13 
 BIECC-22ZB0543/中传招标【2022】第042号 , 2022年09月02日 10:48 , http://www.ccgp.gov.cn/cggg/zygg/zbgg/202209/t20220902_18581564.htm ,1,1," 
 ", 北京东方正龙数字技术有限公司 , 北京市海淀区上地三街9号D座九层D1012 , 中国传媒大学多语种翻译实训室采购项目 , 157.6530000（万元） ," 
 ", 中国传媒大学 , 北京市朝阳区定福庄东街一号 , 耿老师,010-65783477 , 北京国际工程咨询有限公司 , 北京市海淀区学院路30号科大天工大厦A座6层 , 王蕾蕾、杨梦雪010-823735323 ," 
 ", 1 , 79 
 0873-2201HW5L0240（清设招第2022116号） , 2022年07月13日 17:09 , http://www.ccgp.gov.cn/cggg/zygg/zbgg/202207/t20220713_18257300.htm ,1,1," 
 ", 北京市博汇科技股份有限公司 , 北京市海淀区丰贤中路7号(孵化楼)5层501 , 清华大学六教中控室信息化教学环境升级改造 , 405.2991000（万元） ," 
 ", 清华大学 , 北京市海淀区清华园 , 关老师,010-62796244 , 北京中教仪国际招标代理有限公司 , 北京市海淀区文慧园北路10号 , 施歌、王磊、杨硕、刘欣、谢杰、杨轶、陈清010-59893121、010-59893127、010-598931293 ," 
 ", 1 , 93 
 BIECC-22ZB0370/清设招第2022131号 , 2022年06月27日 16:36 , http://www.ccgp.gov.cn/cggg/zygg/zbgg/202206/t20220627_18153291.htm ,1,1," 
 ", 北京格林视讯科技有限公司 , 北京市海淀区三里河路1号3号楼二层5324 , 清华大学附属中学B106教室音视频系统升级改造项目 , 93.0000000（万元） ," 
 ", 清华大学 , 北京市海淀区清华大学，邮编100084 ,, 010-62789532 , 北京国际工程咨询有限公司 , 北京市海淀区学院路30号科大天工大厦A座611 , 王蕾蕾、杨梦雪010-823735323 ," 
 ", 1 , 139 
 BIECC-22ZB0080/清设招第2022029 , 2022年03月25日 18:00 , http://www.ccgp.gov.cn/cggg/zygg/zbgg/202203/t20220325_17705959.htm ,1,1," 
 ", 北京全德隆创意家具有限公司 , 北京市通州区张家湾镇后街村236号 , 清华大学附属小学双清苑校区教学家具专用教室家具采购项目 , 321.2120000（万元） ," 
 ", 清华大学 , 北京市海淀区清华大学，邮编100084 , 郭老师,62781772, 北京国际工程咨询有限公司 , 北京市海淀区学院路30号科大天工大厦A座611 , 王蕾蕾、刘佳、梁超010-823735323 ," 
 ", 1 , 161 