project_id,winning_date,winning_notice_url,order_id,winning_order_cnt,project_winning_amt,supplier_name,supplier_addr,order_name,winning_amt,cadidate_name,buyer_name,buyer_addr,buyer_contact,buyer_phone,agency_name,agency_addr,agency_contact,agency_phone,source_id
BMCC-ZC22-0690,2022年12月26日 17:41,http://www.ccgp.gov.cn/cggg/dfgg/zbgg/202212/t20221226_19299853.htm,"1,2",2,,"01包：北京同方凌讯科技有限公司,02包：北京晨光溢海数码科技有限公司","北京市海淀区王庄路1号清华同方科技大厦A座26层,北京市通州区新华北街75号",对外经济贸易大学博学楼智慧教室改造项目,"452.2280000（万元）,394.9799000（万元）",,对外经济贸易大学,北京市朝阳区惠新东街10号,冯老师010-64494571,,北京明德致信咨询有限公司,北京市海淀区学院路30号科大天工大厦B座17层1709室,韩经理、王经理、吕绍山、颜华010－82370045/176002071043,,1
11000022210200024818-XM001,2022年12月30日 15:21,http://www.ccgp.gov.cn/cggg/dfgg/zbgg/202212/t20221230_19327306.htm,1,1,,北京伟森盛业家具有限公司中标成交,,改善办学保障条件—北京信息科技大学新校区三组团教室智慧教学应用系统建设项目（新竣工楼配套）其他家具用具采购项目,,,北京信息科技大学,北京市海淀区小营东路12号,"商老师,80707556",,北京市政府采购中心,北京市丰台区玉林里45号腾飞大厦,赵雪波，839166823,,1
ZCGH-ZB-202212009,2023年01月04日 13:45,http://www.ccgp.gov.cn/cggg/dfgg/zbgg/202301/t20230104_19338645.htm,1,1,,北京宏扬迅腾科技发展有限公司,北京市密云区密云镇靶场路,北京市密云区古北口镇中心小学智慧校园建设项目,85.6000000（万元）,,北京市密云区古北口镇中心小学,北京市密云区古北口镇河西村,010-69042660,,中承国汇咨询(北京)有限公司,北京市北京经济技术开发区万源街22号,010-533837793,,1
BIECC-22ZB1250,2023年01月04日 15:58,http://www.ccgp.gov.cn/cggg/zygg/zbgg/202301/t20230104_19339937.htm,1,1,,北京城建物业管理有限责任公司,北京市海淀区学院南路62号,中国地质大学(北京）保卫处校园消防中控值守项目,194.4000000（万元）,,中国地质大学（北京）,北京市海淀区学院路29号,田老师，010-82323930,,北京国际工程咨询有限公司,北京市海淀区学院路30号科大天工大厦A座六层,王经理、周经理、010-823767333,,1
ZHWZ2022-488HW,2023年01月05日 16:54,http://www.ccgp.gov.cn/cggg/zygg/zbgg/202301/t20230105_19345328.htm,1,1,,珠海市瑞柏家具有限公司,珠海市人民西路856号8栋四层425号,北京师范大学珠海校区教室课桌椅采购项目,92.9746000（万元）,,北京师范大学珠海校区,广东省珠海市香洲区唐家湾镇金凤路18号,联系人：尤立红；联系方式：0756-3683857,,珠海市物资招标有限公司,珠海市吉大石花西路林海大厦2楼,联系人：许沂宣；联系方式：0756-33610153,,1
ZCGH-ZB-202212022,2023年01月18日 08:18,http://www.ccgp.gov.cn/cggg/dfgg/zbgg/202301/t20230118_19391073.htm,1,1,,北京宏扬迅腾科技发展有限公司,北京市密云区密云镇靶场路,北京市密云区古北口中学智慧校园建设项目,84.2800000（万元）,,北京市密云区古北口中学,北京市密云区古北口中学,张主任010-81051355,,中承国汇咨询(北京)有限公司,北京市北京经济技术开发区万源街22号,刘兴龙010-533837793,,1
GXTC-A1-22631325,2023年01月20日 16:24,http://www.ccgp.gov.cn/cggg/zygg/zbgg/202301/t20230120_19400687.htm,1,1,,北京中天瑞合科技有限公司,北京市海淀区龙岗路51号院7号楼2层45室,中国劳动关系学院北京校区闻道楼多媒体教室教学设备集中控制项目,,,中国劳动关系学院,北京市海淀区增光路45号,刘老师，010-88561791,,国信国际工程咨询集团股份有限公司,北京市海淀区和泓四季6号楼,马经理，185130408183,,1
CTIETC-HWZB-2211072,2022年12月16日 22:43,http://www.ccgp.gov.cn/cggg/zygg/zbgg/202212/t20221216_19248763.htm,1,1,,北京全德隆创意家具有限公司,北京市通州区张家湾镇后街村236号,北京航空航天大学两校区智慧教室配套桌椅购置项目,1227.8380000（万元）,,北京航空航天大学教务处,北京市海淀区学院路37号,宋老师010-82317597,,中贸国际工程招标（北京）有限公司,北京市丰台区西四环南路35号中都科技大厦516室,成凯、冯英山、陈雪松010-86203830、862038313,,1
北林招（服）[ZB2022]100号（TC22190D2）,2022年12月17日 08:29,http://www.ccgp.gov.cn/cggg/zygg/zbgg/202212/t20221217_19249421.htm,1,1,,北京竹远科创科技股份有限公司,北京市海淀区上地三街9号D座7层D806-5,北京林业大学多媒体教室常态化录播采购项目,841.1000000（万元）,,北京林业大学,北京市海淀区清华东路35号,李老师，010-62337427,,中招国际招标有限公司,北京市海淀区学院南路62号中关村资本大厦,张涵睿、李迎澳、蒋雪娜、陈思佳，010-61954121、4120、41223,,1
BMCC-ZC22-0711,2022年12月18日 19:38,http://www.ccgp.gov.cn/cggg/zygg/zbgg/202212/t20221218_19251201.htm,"1,2,3",3,,"北京众邦立德科技有限公司,北京神州新桥科技有限公司,中泰博瑞（北京）机电工程有限公司","北京市朝阳区东三环北路3号B座10层1001-1003房间,北京市海淀区西三环北路89号12层B-08号,昌平区回龙观镇北清路1号院6号楼7层1单元803-2",北京大学智慧校园基础设施建设项目,"1675.0000000（万元）,524.8576000（万元）,1008.0000000（万元）",,北京大学,北京市海淀区颐和园路5号,吴老师，010-62758587,,北京明德致信咨询有限公司,北京市海淀区学院路30号科大天工大厦B座17层09室（邮编：100083）,孙经理、刘亚运、吕家乐、王爽、吕绍山，010-82370045、15801412428、159108478653,,1
清后招2022096,2022年12月20日 11:56,http://www.ccgp.gov.cn/cggg/zygg/zbgg/202212/t20221220_19262578.htm,1,1,,北京信科联物业管理有限公司,北京市海淀区莱圳家园18号楼4层4010室,清华大学教学区教室保洁、值班、摆车服务,597.8028520（万元）,,清华大学,北京市海淀区清华园,赵老师010-62796988,,华诚博远工程咨询有限公司,北京市西城区宣武门外大街10号庄胜广场中央办公楼北翼13A,周满堂010-57693587、182100945183,,1
2022-GADX-HW-236,2022年12月21日 17:17,http://www.ccgp.gov.cn/cggg/zygg/zbgg/202212/t20221221_19274355.htm,1,1,,北京世纪超星信息技术发展有限责任公司,北京市海淀区上地三街9号金隅嘉华大厦C座710室,中国人民公安大学2022年智慧教室建设项目,,,中国人民公安大学,北京市西城区木樨地南里1号,杨老师、曹老师：010-83903270,,北京兴电国际工程管理有限公司,海淀区首体南路9号中国电工大厦7层717,王工、徐工;177185330803,,1
0686-2211CJ090981Z,2022年12月23日 16:28,http://www.ccgp.gov.cn/cggg/dfgg/zbgg/202212/t20221223_19287684.htm,1,1,,北京中科坤元科技有限公司,北京中科坤元科技有限公司,知行楼特色智慧教室设备项目,274.6555000（万元）,,对外经济贸易大学,北京市朝阳区惠新东街10号,冯明飞老师010-64494571,,北京国际贸易有限公司,北京市朝阳区建国门外大街甲3号,郑捷、李姝、韩越010-85343324/3435、138109697683,,1
智慧教室设施更新项目,2022年12月23日 16:31,http://www.ccgp.gov.cn/cggg/dfgg/zbgg/202212/t20221223_19287720.htm,1,1,,北京伟森盛业家具有限公司,河北省唐山市汉沽管理区临津产业园,智慧教室设施更新项目,246.3083000（万元）,,对外经济贸易大学,北京市朝阳区惠新东街10号,冯明飞老师010-64494571,,北京国际贸易有限公司,北京市朝阳区建国门外大街甲3号,郑捷、李姝、韩越，010-85343324/3435138109697693,,1
JKQCG_22_0558,2022年12月07日 10:42,http://www.ccgp.gov.cn/cggg/dfgg/zbgg/202212/t20221207_19172436.htm,1,1,,北京达视京科科技发展有限公司中标成交,,北京市第二中学经开区学校校园改造提升项目-学校演播室录课室会议室阶梯教室改造升级（第二包）,,,北京市第二中学经开区学校,北京经济技术开发区X39地块,"董杨凯,010-67802277-1108",,华诚博远工程咨询有限公司,北京市大兴区枣园路19号1幢503室,何江敏，13833333054、010-692481723,,1
JKQCG_22_0560,2022年12月07日 10:46,http://www.ccgp.gov.cn/cggg/dfgg/zbgg/202212/t20221207_19172428.htm,1,1,,北京嘉利仕维科教设备技术有限责任公司中标成交,,北京市第二中学经开区学校校园改造提升项目-学科类专业教室改造,,,北京市第二中学经开区学校,北京经济技术开发区X39地块,"温志东,010-67802277-1108",,华诚博远工程咨询有限公司,北京市大兴区枣园路19号1幢503室,何江敏，13833333054、010-692481723,,1
BMCC-ZC22-0568,2022年12月07日 17:54,http://www.ccgp.gov.cn/cggg/dfgg/zbgg/202212/t20221207_19178166.htm,1,1,,中国建筑科学研究院有限公司,北京市朝阳区北三环东路30号,北京交通大学雄安校区智慧校园专项规划咨询服务项目,172.9800000（万元）,,北京交通大学,北京市海淀区上园村3号,皇甫老师010-51684375,,北京明德致信咨询有限公司,北京市海淀区学院路30号科大天工大厦B座17层09室,王爽、吕绍山、万雅萌，010-82370045、151102035013,,1
XHTC-HW-2022-1735,2022年12月09日 19:03,http://www.ccgp.gov.cn/cggg/zygg/zbgg/202212/t20221209_19199406.htm,1,1,,联通数字科技有限公司,北京市北京经济技术开发区科谷一街10号院8号楼12层1201(北京自贸试验区高端产业片区亦庄组团)）,北京师范大学5G智慧校园示范场景建设,749.1800000（万元）,,北京师范大学,北京市海淀区新街口外大街19号,滕老师zfcg@bnu.edu.cn,,新华招标有限公司,北京市海淀区莲花池东路39号西金大厦11层,叶子青、李硕、杜女士010-639059773,,1
ZCGH-ZB-202211025,2022年12月12日 15:58,http://www.ccgp.gov.cn/cggg/dfgg/zbgg/202212/t20221212_19207662.htm,1,1,,北京世纪林海广告有限公司,北京市密云县西田各庄镇雁密路99号601室-627,北京市密云区西田各庄镇中心小学（卸甲山小学）计算机教室及主控机房设备更新改造工程,51.2780000（万元）,,北京市密云区西田各庄镇中心小学,北京市密云区卸甲山小学,010-61009732,,中承国汇咨询(北京)有限公司,北京市北京经济技术开发区万源街22号,010-533837793,,1
CFTC-BJ01-22011076,2022年12月12日 19:03,http://www.ccgp.gov.cn/cggg/zygg/zbgg/202212/t20221212_19211822.htm,1,1,,北京天宝信息科技有限公司,北京市海淀区西四环北路158号1幢11层441号,北京师范大学珠海校区同声传译实训室设备采购项目,293.0860000（万元）,,北京师范大学,北京市新街口外大街19号,滕老师zfcg@bnu.edu.cn,,国金招标有限公司,北京市朝阳区东三环南路甲52号顺迈金钻国际商务中心9层9C,边璐、王珊珊、张金鑫、吴丹、张含勇010-562150503,,1
XHTC-HW-2022-1507,2022年12月13日 21:05,http://www.ccgp.gov.cn/cggg/zygg/zbgg/202212/t20221213_19222210.htm,"1,2,3",3,,"北京基线天成科技有限公司,北京国信晟通科技发展有限公司,北京晨光溢海数码科技有限公司","北京市海淀区东北旺西路8号院25号楼4层428室,北京市海淀区蓝靛厂南路25号1幢5层07-1号,北京市通州区新华北街75号",中国人民大学通州新校区智慧教室设备及配套设施采购项目,"830.0000000（万元）,960.6000000（万元）,1332.6490000（万元）",,中国人民大学,北京市海淀区中关村大街59号,肖老师010-62511204,,新华招标有限公司,北京市海淀区莲花池东路39号西金大厦11层新华招标,唐靖凯010-63905975、张际阳010-639059723,,1
11010822210200007488-XM001,2022年12月15日 16:28,http://www.ccgp.gov.cn/cggg/dfgg/zbgg/202212/t20221215_19236325.htm,"1,2,3",3,,"科大讯飞（北京）有限公司中标成交,北京蓝海华业工程技术有限公司中标成交,北京康邦科技有限公司中标成交",,海淀区教师进修学校新校区智慧校园二期建设项目,,,北京市海淀区教师进修学校,北京市海淀区西四环北路11号,"陈老师,010-56733022",,北京国际招标有限公司,北京市东城区朝阳门北小街71号,苏琳、白辰、隋志亮、梁东煜、游路群，010-84046631（业务咨询）；010-84045694（发票及退保证金）3,,1
北林招（货）[ZB2022]058号,2022年12月15日 21:06,http://www.ccgp.gov.cn/cggg/zygg/zbgg/202212/t20221215_19239502.htm,1,1,,北京晨光溢海数码科技有限公司,北京市通州区新华北街75号,北京林业大学智慧教室改造采购项目,596.9000000（万元）,,北京林业大学,北京市海淀区清华东路35号,李老师010-62337427,,新华招标有限公司,北京市海淀区莲花池东路39号西金大厦11层,刘聪、赵静淑010-639059663,,1
BMCC-ZC22-0742,2022年12月16日 21:16,http://www.ccgp.gov.cn/cggg/zygg/zbgg/202212/t20221216_19248478.htm,1,1,,吉荣家具有限公司,泊头市工业开发区,北京科技大学逸夫楼教室桌椅维修更换,527.0470000（万元）,,北京科技大学,北京市海淀区学院路30号,谭老师/010-62332135,,北京明德致信咨询有限公司,北京市海淀区学院路30号科大天工大厦B座17层1709室,韩经理、王经理、吕绍山、颜华3,,1
CTIETC-HWZB-2211071,2022年12月16日 22:40,http://www.ccgp.gov.cn/cggg/zygg/zbgg/202212/t20221216_19248754.htm,1,1,,北京大唐高鸿数据网络技术有限公司,北京市海淀区东冉北街9号院北区一号楼,北京航空航天大学两校区智慧教室配套设备购置项目,1438.4760000（万元）,,北京航空航天大学,北京市海淀区学院路37号,张老师010-82317596,,中贸国际工程招标（北京）有限公司,北京市丰台区西四环南路35号中都科技大厦516室,成凯、冯英山、陈雪松010-86203830、862038313,,1
ZTXY-2022-F33661,2022年11月11日 16:59,http://www.ccgp.gov.cn/cggg/zygg/zbgg/202211/t20221111_18995338.htm,1,1,,北京电信规划设计院有限公司,北京市海淀区车公庄西路乙19号(华通大厦B座3-7层),中国地质大学（北京）雄安校区智慧校园专项规划编制咨询服务,82.4998000（万元）,,中国地质大学（北京）,北京市海淀区学院路29号,蔡老师；010-82323969,,中天信远国际招投标咨询(北京)有限公司,北京市朝阳区南磨房路37号华腾北搪商务大厦11层1105室,车女士、于先生、鲁女士、王先生；010-537799103,,1
11000022210200025340-XM001,2022年11月15日 10:38,http://www.ccgp.gov.cn/cggg/dfgg/zbgg/202211/t20221115_19011467.htm,1,1,,北京中天瑞合科技有限公司中标成交,,分类发展专项配套项目-综合楼教室灯光建设采购,,,北京舞蹈学院,北京市海淀区万寿寺路1号,"王老师,010-68936112",,新华招标有限公司,北京市海淀区莲花池东路39号西金大厦11层,赵静淑、王乙、叶子青、张际阳、刁玉蕊、杜女士，010-63905966、010-639059763,,1
11000022210200024502-XM001,2022年11月15日 13:39,http://www.ccgp.gov.cn/cggg/dfgg/zbgg/202211/t20221115_19012797.htm,1,1,,颐信泰通（北京）信息科技股份有限公司中标成交,,智慧管网实训室建设项目,,,北京劳动保障职业学院,北京市昌平区南口路32号（北校区）,"白老师,010-80114089",,中天信远国际招投标咨询(北京)有限公司,北京市朝阳区南磨房路37号华腾北搪商务大厦11层1109室,成志凯、周姗、王师安、张静、鲁智慧，010-519090153,,1
11011322210200003127-XM001,2022年11月16日 16:08,http://www.ccgp.gov.cn/cggg/dfgg/zbgg/202211/t20221116_19023798.htm,1,1,,博雅瑞特（北京）文化科技有限公司中标成交,,智慧校园建设基础环境集成实施服务采购项目,,,北京市顺义区西辛小学,北京市顺义区,"吴迪,69447725",,北京招竣建设工程咨询有限公司,北京市顺义区顺通路西侧仓上小区商业服务楼2号,戴美娟，010-614026903,,1
11011422210200002894-XM002,2022年11月17日 14:40,http://www.ccgp.gov.cn/cggg/dfgg/zbgg/202211/t20221117_19030812.htm,1,1,,北京金燃永兴节能环保厨房设备有限公司中标成交,,现代服务业综合实训中心烹饪专业实训室设备购置项目,,,北京市昌平职业学校,北京市昌平区沙河镇松兰路6号院,"王琪,80713178",,北京昌珹工程管理有限公司,北京市昌平区城北街道振兴路10号创客梦工场1号楼三层235室,张晓旭，189107500653,,1
11011322210200003126-XM001,2022年11月17日 17:07,http://www.ccgp.gov.cn/cggg/dfgg/zbgg/202211/t20221117_19033729.htm,1,1,,北京泛海远达科技有限公司中标成交,,智慧校园建设基础环境集成实施服务采购项目,,,北京市顺义区西辛小学,北京市顺义区,"吴迪,010-69447725",,北京招竣建设工程咨询有限公司,北京市顺义区顺通路西侧仓上小区商业服务楼2号,戴美娟，010-614026903,,1
11010822210200004106-XM001,2022年11月25日 16:30,http://www.ccgp.gov.cn/cggg/dfgg/zbgg/202211/t20221125_19090897.htm,1,1,,北京乾邦科技发展有限公司中标成交,,[ID34796]北京市第十九中学（闵庄校区）办公家具专业教室等教育教学设备设施采购项目,,,北京市第十九中学,北京市海淀区万泉河路83号,"郝主任,010-62564821",,北京旌开咨询有限公司,北京市海淀区蓝靛厂南路25号1幢4层11-1号,王博男，010-88501340-8243,,1
0730-226112BJ0137,2022年12月05日 11:58,http://www.ccgp.gov.cn/cggg/zygg/zbgg/202212/t20221205_19152260.htm,1,1,,北京中天瑞合科技有限公司,北京市海淀区龙岗路51号院7号楼2层45室,北京外国语大学智能教室三期设备采购项目,1396.6000000（万元）,,北京外国语大学,北京市海淀区西三环北路2号,"杨老师,010-88816596",,中航技国际经贸发展有限公司,北京市朝阳区慧忠路5号远大中心B座20层,姜华、孙玉玲，010-883803503,,1
XHTC-HW-2022-1656,2022年12月05日 21:13,http://www.ccgp.gov.cn/cggg/zygg/zbgg/202212/t20221205_19160479.htm,1,1,,北京富源天成科技有限公司,北京市海淀区唐家岭村南2幢二层204,北京师范大学计算机教室改造,765.0000000（万元）,,北京师范大学,北京市海淀区新街口外大街19号,滕老师zfcg@bnu.edu.cn,,新华招标有限公司,北京市海淀区莲花池东路39号西金大厦11层,叶子青、李硕、杜女士010-639059773,,1
XHTC-HW-2022-1661,2022年12月05日 21:41,http://www.ccgp.gov.cn/cggg/zygg/zbgg/202212/t20221205_19160574.htm,1,1,,北京中天瑞合科技有限公司,北京市海淀区龙岗路51号院7号楼2层45室,北京师范大学教九楼计算机教室改造,327.9306000（万元）,,北京师范大学,北京市海淀区新街口外大街19号,滕老师zfcg@bnu.edu.cn,,新华招标有限公司,北京市海淀区莲花池东路39号西金大厦11层,叶子青、李硕、杜女士010-639059773,,1
20220920494-3,2022年12月06日 13:30,http://www.ccgp.gov.cn/cggg/dfgg/zbgg/202212/t20221206_19163500.htm,1,1,,北京天猿科技有限公司,北京市海淀区双清路3号鸿运大厦33025室,中华女子学院养老护理与老年康复实训室建设项目,53.2000000（万元）,,中华女子学院,北京市朝阳区育慧东路1号,84659195,,北京市京发招标有限公司,北京市崇文门外大街90号,671036853,,1
CFTC-BJ01-22011049,2022年12月06日 17:26,http://www.ccgp.gov.cn/cggg/zygg/zbgg/202212/t20221206_19168524.htm,1,1,,北京富源天成科技有限公司,北京市海淀区唐家岭村南2幢二层204,北京师范大学公共教室投影机更新项目二期,428.7800000（万元）,,北京师范大学,北京市新街口外大街19号,滕老师zfcg@bnu.edu.cn,,国金招标有限公司,北京市朝阳区东三环南路甲52号顺迈金钻国际商务中心9层9C,边璐、王珊珊、张金鑫、吴丹、张含勇010-562150503,,1
CFTC-BJ01-22011050,2022年12月06日 18:05,http://www.ccgp.gov.cn/cggg/zygg/zbgg/202212/t20221206_19169191.htm,1,1,,北京金商祺科技有限公司,北京市海淀区北四环西路65号海淀新技术大厦1520室,北京师范大学语音教室改造项目,328.8600000（万元）,,北京师范大学,北京市新街口外大街19号,滕老师zfcg@bnu.edu.cn,,国金招标有限公司,北京市朝阳区东三环南路甲52号顺迈金钻国际商务中心9层9C,边璐、王珊珊、张金鑫、吴丹、张含勇010-562150503,,1
CFTC-BJ01-22011051,2022年12月06日 18:08,http://www.ccgp.gov.cn/cggg/zygg/zbgg/202212/t20221206_19169247.htm,1,1,,北京富源天成科技有限公司,北京市海淀区唐家岭村南2幢二层204,北京师范大学智慧教室建设项目,226.7000000（万元）,,北京师范大学,北京市新街口外大街19号,滕老师zfcg@bnu.edu.cn,,国金招标有限公司,北京市朝阳区东三环南路甲52号顺迈金钻国际商务中心9层9C,边璐、王珊珊、张金鑫、吴丹、张含勇010-562150503,,1
11011122210200004134-XM001,2022年12月06日 18:09,http://www.ccgp.gov.cn/cggg/dfgg/zbgg/202212/t20221206_19169011.htm,"1,2",2,,"北京慧仁育达科技有限责任公司中标成交,北京六度方圆科技有限公司中标成交",,首都师范大学附属中学实验学校教育教学专用教室及实验室建设预算项目,,,首都师范大学附属中学实验学校,北京市房山区长阳镇长兴街2号院,"翟文良,010-69374832",,慧诚（北京）招投标代理有限公司,北京市房山区西潞街道金光南街2号北楼418,张惠茹，010-693690633,,1
JKQCG_22_0557,2022年12月07日 10:42,http://www.ccgp.gov.cn/cggg/dfgg/zbgg/202212/t20221207_19172435.htm,1,1,,北京达视京科科技发展有限公司中标成交,,北京市第二中学经开区学校校园改造提升项目-学校演播室录课室会议室阶梯教室改造升级(第一包）,,,北京市第二中学经开区学校,北京经济技术开发区X39地块,"温志东,010-67802277-1108",,华诚博远工程咨询有限公司,北京市大兴区枣园路19号1幢503室,何江敏，13833333054、010-692481723,,1
ZCBJ-22ZBDLHS-ZB0187,2022年09月26日 16:39,http://www.ccgp.gov.cn/cggg/dfgg/zbgg/202209/t20220926_18719478.htm,1,1,,北京宏扬迅腾科技发展有限公司,北京市密云区密云镇靶场路,北京市密云区西田各庄中学英语听说教室更新项目,58.2410000（万元）,,北京市密云区西田各庄中学,北京市密云区西田各庄镇西田各庄村,吕老师010-61010196-8005,,北京中诚正信工程咨询有限公司,北京市密云区百世城商业街12-004三层,张春燕195687018823,,1
11000022210200013902-XM002,2022年09月28日 14:53,http://www.ccgp.gov.cn/cggg/dfgg/zbgg/202209/t20220928_18735000.htm,1,1,,北京汇趣科技有限公司中标成交,,鸿蒙应用创新实训室建设项目高等教育服务采购项目,,,北京信息职业技术学院（北京市电子工业党校）,北京市朝阳区芳园西路5号,"张治斌,85305707",,中海华咨询有限公司,北京市东城区新中街68号聚龙花园1号楼101,许鹏飞，010-856375863,,1
11011322210200003303-XM001,2022年09月30日 10:32,http://www.ccgp.gov.cn/cggg/dfgg/zbgg/202209/t20220930_18751876.htm,1,1,,北京福通互联科技集团有限公司中标成交,,中小学教室灯光照明设备改造项目,,,北京市顺义区教育资产管理服务中心,北京市顺义区仁和镇庄头村北,"张蒙,69444342",,北京鑫中招标代理有限公司,北京市顺义区西环路西50米、减河桥南30米,张杰英，010-694452703,,1
XDZC-SKY2022008,2022年10月11日 15:39,http://www.ccgp.gov.cn/cggg/dfgg/zbgg/202210/t20221011_18795594.htm,1,1,,北京博育未来科技有限公司,北京市海淀区远大路39号1号楼4层430-1号,中国社会科学院大学智慧校园安防平台建设项目,218.5000000（万元）,,中国社会科学院大学,北京市房山区长于大街11号,王老师010-81360106,,北京兴电国际工程管理有限公司,北京市海淀区首体南路9号中国电工大厦7层,张工、况工136930500133,,1
11000022210200013871-XM001,2022年10月14日 16:10,http://www.ccgp.gov.cn/cggg/dfgg/zbgg/202210/t20221014_18819386.htm,1,1,,北京中盛永信科技发展有限公司中标成交,,双高项目现代信息产品与新技术实训室行业应用软件采购项目,,,北京信息职业技术学院（北京市电子工业党校）,北京市朝阳区芳园西路5号,"李红,85305587",,北京市京发招标有限公司,北京市东城区崇文门外大街90号,薛一凡、景宇，671934873,,1
11000022210200012658-XM001,2022年10月14日 16:10,http://www.ccgp.gov.cn/cggg/dfgg/zbgg/202210/t20221014_18819391.htm,1,1,,北京慧智海教育科技有限公司中标成交,,双高项目国产化适配迁移实训室建设项目行业应用软件采购项目,,,北京信息职业技术学院（北京市电子工业党校）,北京市朝阳区芳园西路5号,"李红,85305587",,北京市京发招标有限公司,北京市东城区崇文门外大街90号,薛一凡、景宇，671934873,,1
11000022210200023446-XM001,2022年10月21日 17:33,http://www.ccgp.gov.cn/cggg/dfgg/zbgg/202210/t20221021_18866037.htm,"1,2,3,4,5",5,,"北京蓝海达信科技有限公司中标成交,北京中天瑞合科技有限公司中标成交,北京君与珺合科技有限公司中标成交,北京市博汇科技股份有限公司中标成交,北京格林视讯科技有限公司中标成交",,改善办学保障条件—北京信息科技大学新校区三组团教室智慧教学应用系统建设项目（新竣工楼配套）,,,北京信息科技大学,北京市海淀区清河小营东路12号,"杨老师,010-82426861",,新华招标有限公司,北京市海淀区莲花池东路39号西金大厦11层,唐靖凯、张际阳、刁玉蕊、赵静淑、王乙、叶子青、杜女士，010-639059753,,1
11011422210200003076-XM002,2022年10月24日 15:44,http://www.ccgp.gov.cn/cggg/dfgg/zbgg/202210/t20221024_18874007.htm,"1,2",2,,"北京引航动力科技有限公司中标成交,北京捷成睿新科技发展有限公司中标成交",,昌平区教委农村校双师教室及精品双师录课室建设项目,,,北京市昌平区教师进修学校,北京市昌平区府学路35号,"林立,010-69722889",,中招商祺（北京）工程管理有限公司,北京市昌平区科技园区超前路37号6号楼B单元7层707,罗佼，801182823,,1
JCSBJ-2022-042,2022年10月25日 16:49,http://www.ccgp.gov.cn/cggg/dfgg/zbgg/202210/t20221025_18885025.htm,1,1,,北京怀教网络科技股份有限公司,北京市怀柔区小中富乐一区194号院1幢一层01,密云区第五中学心理咨询教室改造项目,56.3000000（万元）,,北京市密云区第五中学,北京市密云区鼓楼街道行宫街东侧,宗长奇，010-69068603,,居察士（北京）科技有限公司,北京市密云区鼓楼东大街20号楼四层408室,王磊，010-890817683,,1
清设招第2022259号（TC221908K）,2022年10月31日 21:21,http://www.ccgp.gov.cn/cggg/zygg/zbgg/202210/t20221031_18920806.htm,1,1,,北京恒知杰科技有限公司,北京市昌平区城北街道西关路20号4号楼4层4-509,模拟实训室中心设备购置（阶段一）,494.5300000（万元）,,清华大学,北京市海淀区清华大学,胡老师，010-64308032,,中招国际招标有限公司,北京市海淀区学院南路62号中关村资本大厦,张涵睿、陈思佳、孙慧、蒋雪娜、邓嘉莹，010-61954121、4120、41223,,1
CFTC-BJ01-2210001,2022年11月03日 16:50,http://www.ccgp.gov.cn/cggg/dfgg/zbgg/202211/t20221103_18943078.htm,1,1,,北京金晟时代科技有限责任公司,北京市海淀区大钟寺13号院1号楼三层B317室,改善办学保障条件-阜成路校区教三楼教室黑板及其他配套设施更换项目,76.2270000（万元）,,北京工商大学,北京市海淀区阜成路33号,杨老师010-68983237,,国金招标有限公司,北京市朝阳区东三环南路甲52号顺迈金钻国际商务中心9层9C,刘少东、吴丹、张含勇、王珊珊、杨振豪010-562150503,,1
11000022210200021562-XM001,2022年11月07日 14:28,http://www.ccgp.gov.cn/cggg/dfgg/zbgg/202211/t20221107_18958625.htm,1,1,,飞诺门阵（北京）科技有限公司中标成交,,北京工业职业技术学院特高建设-实训基地-华为信息与网络工程师学院-华为智能运维实训室采购项目,,,北京工业职业技术学院,北京市石景山区石门路368号,"窦孟忠,61801150",,北京中天国宏招标代理有限公司,北京市海淀区莲花池东路小马厂6号华天大厦1212室,朱玉平，010-689950593,,1
ZCBJ-22ZBDLHS-ZB0228,2022年11月09日 16:05,http://www.ccgp.gov.cn/cggg/dfgg/zbgg/202211/t20221109_18977709.htm,1,1,,北京哈工科教机器人科技有限公司,北京市东城区大取灯胡同2号4号楼二层201室,北京市密云区十里堡中学数字书法教室建设项目,31.9670000（万元）,,北京市密云区十里堡中学,北京市密云区十里堡镇十里堡村,赵老师010-89022112-804,,北京中诚正信工程咨询有限公司,北京市密云区百世城商业街12-004三层,张春燕195687018823,,1
0873-2201HW6L0431,2022年09月06日 17:26,http://www.ccgp.gov.cn/cggg/zygg/zbgg/202209/t20220906_18605612.htm,1,1,,天津天堰科技股份有限公司,华苑产业区海泰西路18号西6--301、302工业孵化,北京大学医学部多媒体教室配套设备采购项目,52.9456000（万元）,,北京大学医学部,北京市海淀区学院路38号,凌老师，010-82801359,,北京中教仪国际招标代理有限公司,北京市海淀区文慧园北路10号,王磊、刘欣、施歌、杨硕、陈清010-59893127、010-59893109、010-598931293,,1
ZCBJ-22ZBDLHS-ZB0168,2022年09月06日 17:31,http://www.ccgp.gov.cn/cggg/dfgg/zbgg/202209/t20220906_18605268.htm,1,1,,北京宏扬迅腾科技发展有限公司,北京市密云区密云镇靶场路,密云区十里堡镇中心小学自动录播教室改造项目,78.7830000（万元）,,北京市密云区十里堡镇中心小学,北京市密云区十里堡镇河漕村,曹老师010-89021074,,北京中诚正信工程咨询有限公司,北京市密云区百世城商业街12-004三层,张春燕195687018823,,1
11000022210200012693-XM002,2022年09月07日 16:26,http://www.ccgp.gov.cn/cggg/dfgg/zbgg/202209/t20220907_18611837.htm,1,1,,北京元晟合智科技有限公司中标成交,,改善办学条件-实训室建设-财税金融实训基地(一期)建设项目行业应用软件采购项目,,,北京信息职业技术学院（北京市电子工业党校）,北京市朝阳区芳园西路5号,"李红,85305587",,中海华咨询有限公司,北京市东城区新中街68号聚龙花园1号楼101,许鹏飞，010-856375863,,1
ZCBJ-22ZBDLHS-ZB0170,2022年09月07日 17:50,http://www.ccgp.gov.cn/cggg/dfgg/zbgg/202209/t20220907_18613299.htm,1,1,,北京宏扬迅腾科技发展有限公司,北京市密云区密云镇靶场路,密云区北庄中学自动录播教室改造项目,78.4030000（万元）,,北京市密云区北庄中学,北京市密云区北庄镇北庄村,刘老师010-81001900,,北京中诚正信工程咨询有限公司,北京市密云区百世城商业街12-004三层,张春燕195687018823,,1
ZCBJ-22ZBDLHS-ZB0167,2022年09月07日 18:04,http://www.ccgp.gov.cn/cggg/dfgg/zbgg/202209/t20220907_18613528.htm,1,1,,北京怀教网络科技股份有限公司,北京市怀柔区小中富乐一区194号院1号1层01,密云区穆家峪镇中心小学自动录播教室改造项目,77.9530000（万元）,,北京市密云区穆家峪镇中心小学,北京市密云区穆家峪镇羊山村,郭老师010-61051942-8003,,北京中诚正信工程咨询有限公司,北京市密云区百世城商业街12-004三层,张春燕195687018823,,1
ZCBJ-22ZBDLHS-ZB0165,2022年09月08日 14:16,http://www.ccgp.gov.cn/cggg/dfgg/zbgg/202209/t20220908_18617726.htm,1,1,,北京宏扬迅腾科技发展有限公司,北京市密云区密云镇靶场路,密云区第一小学自动录播教室改造项目,58.3312000（万元）,,北京市密云区第一小学,北京市密云区育才路东侧,王老师010-69053607,,北京中诚正信工程咨询有限公司,北京市密云区百世城商业街12-004三层,张春燕195687018823,,1
ZCBJ-22ZBDLHS-ZB0169,2022年09月08日 15:30,http://www.ccgp.gov.cn/cggg/dfgg/zbgg/202209/t20220908_18618753.htm,1,1,,北京新奥世纪网络工程技术有限公司,北京市延庆区八达岭工业开发区康西路270号,密云区西田各庄中学自动录播教室改造建设项目,78.0430000（万元）,,北京市密云区西田各庄中学,北京市密云区西田各庄镇西田各庄村,吕老师010-61010196-8005,,北京中诚正信工程咨询有限公司,北京市密云区百世城商业街12-004三层,张春燕195687018823,,1
ZCBJ-22ZBDLHS-ZB0164,2022年09月09日 14:37,http://www.ccgp.gov.cn/cggg/dfgg/zbgg/202209/t20220909_18626851.htm,1,1,,北京宏扬迅腾科技发展有限公司,北京市密云区密云镇靶场路,密云区第三中学自动录播教室改造项目,57.4646000（万元）,,北京市密云区第三中学,北京市密云区城关四街育才路三号,马老师010-69051851,,北京中诚正信工程咨询有限公司,北京市密云区百世城商业街12-004三层,张春燕195687018823,,1
ZCBJ-22ZBDLHS-ZB0163,2022年09月09日 15:49,http://www.ccgp.gov.cn/cggg/dfgg/zbgg/202209/t20220909_18628109.htm,1,1,,北京宏扬迅腾科技发展有限公司,北京市密云区密云镇靶场路,密云区第三小学分校区自动录播教室改造项目,78.8780000（万元）,,北京市密云区第三小学,北京市密云区康复路,庄老师010-69041782,,北京中诚正信工程咨询有限公司,北京市密云区百世城商业街12-004三层,张春燕195687018823,,1
BUPT-HWXCZB-22019（CFTC-BJ01-2207046）,2022年09月14日 19:29,http://www.ccgp.gov.cn/cggg/zygg/zbgg/202209/t20220914_18650755.htm,1,1,,北京悦诚铭达科技有限公司,北京市昌平区黄平路19号院2号6层603-C,北京邮电大学沙河校区专教教室建设项目,146.5678000（万元）,,北京邮电大学,北京市海淀区西土城路10号,周老师010-62282312,,国金招标有限公司,北京市朝阳区东三环南路甲52号顺迈金钻国际商务中心9层9C,王珊珊、边璐、吴丹、杨振豪、张含勇010-562150503,,1
BIECC-22ZB0547,2022年09月16日 15:03,http://www.ccgp.gov.cn/cggg/zygg/zbgg/202209/t20220916_18663557.htm,1,1,,北京竹远科创科技股份有限公司,北京市海淀区上地三街9号D座7层D806-5,中国矿业大学（北京）沙河校区智慧教室建设项目,142.9820000（万元）,,中国矿业大学（北京）,北京市海淀区学院路丁11号,许老师，010-62331945,,北京国际工程咨询有限公司,北京市海淀区学院路30号科大天工大厦A座六层,李博龙、朱晨钰010-823760903,,1
SHGC22209,2022年09月19日 13:23,http://www.ccgp.gov.cn/cggg/dfgg/zbgg/202209/t20220919_18672944.htm,1,1,,北京君铭建筑工程有限公司,北京市怀柔区渤海镇怀沙路536号191室,教室铺设弹性地坪,76.1210450（万元）,,北京市怀柔区桥梓镇中心幼儿园,北京市怀柔区桥梓镇后桥梓村,张老师010-60670497,,北京盛和永益工程咨询有限公司,010-53606938,刘工3,,1
CTIETC-HWZB-2205012,2022年08月01日 13:06,http://www.ccgp.gov.cn/cggg/zygg/zbgg/202208/t20220801_18370728.htm,1,1,,北京全德隆创意家具有限公司,北京市通州区张家湾镇后街村236号,北京航空航天大学老主楼智慧教室配套桌椅购置项目,395.9690000（万元）,,北京航空航天大学,北京市海淀区学院路37号,宋老师010-82317597,,中贸国际工程招标（北京）有限公司,北京市丰台区西四环南路35号中都科技大厦516室,成凯、冯英山、陈雪松010-86203830、862038313,,1
北林招（货）[2022]026号,2022年08月12日 18:07,http://www.ccgp.gov.cn/cggg/zygg/zbgg/202208/t20220812_18452285.htm,1,1,,北京中科晟宇科技有限公司,北京市房山区良乡凯旋大街建设路18号—D18367（集群注册）,北京林业大学学10号楼监控更换及中控室分控室监控安全系统采购项目,183.1000000（万元）,,北京林业大学,北京市海淀区清华东路35号,王老师010-62337427,,新华招标有限公司,北京市海淀区莲花池东路39号西金大厦11层,刘聪赵静淑010-63905966、010-639059763,,1
FG-DLP-2022-0608,2022年08月17日 15:07,http://www.ccgp.gov.cn/cggg/zygg/zbgg/202208/t20220817_18476305.htm,1,1,,北京大唐高鸿数据网络技术有限公司,北京市海淀区学院路40号3区3幢一层,北京师范大学附属中学演播室（录课教室）设备升级更新采购项目,397.0000000（万元）,,北京师范大学附属中学,北京市西城区南新华街18号,姚老师，010-83193000-7303,,北京泛华国金工程咨询有限公司,北京市海淀区阜外亮甲店1号恩济西园产业园16A,尹润坪、高春荣010-88504133-80313,,1
XHTC-HW-2022-0984,2022年08月17日 15:30,http://www.ccgp.gov.cn/cggg/zygg/zbgg/202208/t20220817_18476294.htm,1,1,,北京黎明文仪家具有限公司,北京市通州区中关村科技园区通州园金桥科技产业基地景盛南四街18号,北京师范大学教七楼公共教室家具购置项目,198.2086000（万元）,,北京师范大学,北京市海淀区新街口外大街19号,滕老师zfcg@bnu.edu.cn,,新华招标有限公司,北京市海淀区莲花池东路39号西金大厦11层,叶子青、李硕010-639059773,,1
11011522210200001787-XM006,2022年08月22日 16:03,http://www.ccgp.gov.cn/cggg/dfgg/zbgg/202208/t20220822_18503015.htm,1,1,,北京金山顶尖科技股份有限公司中标成交,,翠微小学大兴分校教室及办公设备购置项目,,,北京市海淀区翠微小学大兴分校,北京市大兴区庞各庄镇隆昌大街北段2号,"张主任,68226327",,北京市大兴区政府采购中心,北京市大兴区公共资源交易分中心三层,王老师，692313333,,1
11000022210200012668-XM001,2022年08月23日 09:33,http://www.ccgp.gov.cn/cggg/dfgg/zbgg/202208/t20220823_18508300.htm,1,1,,北京汇趣科技有限公司中标成交,,双高项目-信息安全与管理专业群-工业互联网典型技术实训室行业应用软件采购项目,,,北京信息职业技术学院（北京市电子工业党校）,北京市朝阳区芳园西路5号,"纪老师,010-85305885",,北京中润达工程咨询有限公司,北京市丰台区宋家庄交通枢纽四层3区,田先生，010-87150241转87053,,1
11000022210200004027-XM001,2022年08月23日 09:36,http://www.ccgp.gov.cn/cggg/dfgg/zbgg/202208/t20220823_18508376.htm,1,1,,百科荣创（北京）科技发展有限公司中标成交,,特高项目-改善办学条件-实训室建设-电工技能实训室建设项目,,,北京信息职业技术学院（北京市电子工业党校）,北京市朝阳区芳园西路5号,"李老师,010-85305885",,北京中润达工程咨询有限公司,北京市丰台区宋家庄交通枢纽四层3区,田先生，010-87150241-87053,,1
JCSBJ-2022-027,2022年08月23日 16:25,http://www.ccgp.gov.cn/cggg/dfgg/zbgg/202208/t20220823_18512605.htm,1,1,,北京天兴智晟科技有限公司,北京市房山区怡和北路5号院7号楼12层1206,电子商务实训室项目,70.8660000（万元）,,北京市密云区职业学校,北京市密云区果园西路2号,毛艳010-69042660,,居察士（北京）科技有限公司,北京市密云区鼓楼东大街20号楼四层408室,王磊010-890817683,,1
JCSBJ-2022-028,2022年08月23日 16:45,http://www.ccgp.gov.cn/cggg/dfgg/zbgg/202208/t20220823_18513107.htm,1,1,,北京游娱网络科技有限公司,北京市顺义区双裕南小街1号院2号楼4层404,网络安全产教融合实训室建设项目,78.0000000（万元）,,北京市密云区职业学校,北京市密云区果园西路2号,毛艳010-69042660,,居察士（北京）科技有限公司,北京市密云区鼓楼东大街20号楼四层408室,王磊010-890817683,,1
JCSBJ-2022-029,2022年08月23日 16:59,http://www.ccgp.gov.cn/cggg/dfgg/zbgg/202208/t20220823_18513425.htm,1,1,,北京数码大方科技股份有限公司,北京市海淀区丰秀中路3号院9号楼,数控技术自动编程实训室建设项目,21.8560000（万元）,,北京市密云区职业学校,北京市密云区果园西路2号,毛艳010-69042660,,居察士（北京）科技有限公司,北京市密云区鼓楼东大街20号楼四层408室,王磊010-890817683,,1
JCSBJ-2022-030,2022年08月23日 17:15,http://www.ccgp.gov.cn/cggg/dfgg/zbgg/202208/t20220823_18513858.htm,1,1,,北京中宇时代科贸有限公司,北京市大兴区104国道瀛海段22号2幢6层8613室,机械设计与数字化建模实训室建设项目,85.6800000（万元）,,北京市密云区职业学校,北京市密云区果园西路2号,毛艳010-69042660,,居察士（北京）科技有限公司,北京市密云区鼓楼东大街20号楼四层408室,王磊010-890817683,,1
ZZGX-GK2022-0710,2022年08月30日 17:37,http://www.ccgp.gov.cn/cggg/zygg/zbgg/202208/t20220830_18560874.htm,1,1,,珠海市联创办公设备有限公司,珠海市香洲区碧海路77号濠海大厦11号车库,北京师范大学珠海校区公共教室、会议室、报告厅室等场所设施设备驻点服务项目,130.9000000（万元）,,北京师范大学珠海校区,珠海市香洲区唐家湾金凤路18号,尤老师0756-3683857,,广东中洲国信建设管理咨询有限公司,珠海市香洲区洲山路13号A座3楼,陈工0756-63442183,,1
11010222210200002686-XM001,2022年08月31日 13:37,http://www.ccgp.gov.cn/cggg/dfgg/zbgg/202208/t20220831_18565260.htm,1,1,,北京坤承科技有限公司中标成交,,设备类2022年北京市铁路第二中学扩班设备采购项目,,,北京市铁路第二中学,,"赵心怡,010-68014727",,中新天诚（北京）招标有限公司,,黄彪，010-622058713,,1
BIECC-22ZB0543/中传招标【2022】第042号,2022年09月02日 10:48,http://www.ccgp.gov.cn/cggg/zygg/zbgg/202209/t20220902_18581564.htm,1,1,,北京东方正龙数字技术有限公司,北京市海淀区上地三街9号D座九层D1012,中国传媒大学多语种翻译实训室采购项目,157.6530000（万元）,,中国传媒大学,北京市朝阳区定福庄东街一号,耿老师010-65783477,,北京国际工程咨询有限公司,北京市海淀区学院路30号科大天工大厦A座6层,王蕾蕾、杨梦雪010-823735323,,1
11011322210200002791-XM001,2022年09月06日 16:06,http://www.ccgp.gov.cn/cggg/dfgg/zbgg/202209/t20220906_18603345.htm,1,1,,北京鑫台华科技有限公司中标成交,,顺义区第一中学附属小学智慧校园建设项目,,,北京市顺义区第一中学附属小学,北京市顺义区澜西园二区,"郝丽娟,13552448945",,北京博睿丰工程咨询有限公司,北京市顺义区林河南大街9号院9号楼2层262室,路璐、李博，010-61409078、158013496573,,1
HCZB-2022-ZB0335,2022年07月19日 17:46,http://www.ccgp.gov.cn/cggg/zygg/zbgg/202207/t20220719_18293645.htm,1,1,,北京国杰科技有限公司,北京市海淀区清河安宁庄东路18号2号楼一层05室,北师大实验中学教室教学用部分多媒体设备更新与弱电改造项目,293.5930000（万元）,,北京师范大学,北京市西城区二龙路14号,沈老师010-66526075,,华采招标集团有限公司,010-63509799-8112/8024,贾东敏、蒲晓芳、姚冲、刘金秀3,,1
0873-2201HW2L0189,2022年07月20日 17:26,http://www.ccgp.gov.cn/cggg/zygg/zbgg/202207/t20220720_18301157.htm,1,1,,北京国信晟通科技发展有限公司,北京市海淀区蓝靛厂南路25号1幢5层07-1号,北京外国语大学北校区多媒体教室建设项目,398.6561000（万元）,,北京外国语大学,北京海淀区西三环北路2号,杨老师010-88816596,,北京中教仪国际招标代理有限公司,北京市海淀区文慧园北路10号,蒋旭、陈清、谢杰、韩寿国、杨硕、刘欣，010-59893113、31123,,1
11011622210200000956-XM001,2022年07月21日 15:32,http://www.ccgp.gov.cn/cggg/dfgg/zbgg/202207/t20220721_18306853.htm,1,1,,北京开盛智能科技有限公司中标成交,,101中学提前下达2022年市对区促进教育事业均衡发展转移支付综合奖补-学科教室设备,,,北京市第一〇一中学怀柔分校,北京市怀柔区雁栖经济开发区乐园大街31号北侧,"陈老师,010-61661799",,北京盛和永益工程咨询有限公司,北京市怀柔区迎宾南路11号五幢二层2213室,刘工，010-536069383,,1
0873-2201HW5L0341,2022年07月21日 16:59,http://www.ccgp.gov.cn/cggg/zygg/zbgg/202207/t20220721_18309229.htm,1,1,,北京君与珺合科技有限公司,北京市海淀区后屯南路26号3层3-17,北京大学医学部小型教室显示系统升级项目,97.5950000（万元）,,北京大学医学部,北京市海淀区学院路38号,凌老师010-82801359,,北京中教仪国际招标代理有限公司,北京市海淀区文慧园北路10号,施歌、王磊、杨硕、刘欣010-59893121、010-59893127、010-598931293,,1
BIECC-22ZB0318,2022年07月22日 07:56,http://www.ccgp.gov.cn/cggg/zygg/zbgg/202207/t20220722_18311772.htm,1,1,,北京竹远科创科技股份有限公司,北京市海淀区上地三街9号D座7层D806-5,北京语言大学多媒体教室升级改造项目,803.8680000（万元）,,北京语言大学,北京市海淀区学院路15号,李老师82303461,,北京国际工程咨询有限公司,北京市海淀区学院路30号科大天工大厦A座6层611室,张乐、王经理010-823751623,,1
11011622210200000939-XM001,2022年07月25日 17:22,http://www.ccgp.gov.cn/cggg/dfgg/zbgg/202207/t20220725_18327725.htm,1,1,,中科电系统集成（北京）有限公司中标成交,,101中学提前下达2022年市对区促进教育事业均衡发展转移支付综合奖补-合班教室设备,,,北京市第一〇一中学怀柔分校,北京市怀柔区雁栖经济开发区乐园大街31号北侧,"陈老师,010-61661799",,北京盛和永益工程咨询有限公司,北京市怀柔区迎宾南路11号五幢二层2213室,刘工，010-536069383,,1
11011622210200000934-XM001,2022年07月25日 17:22,http://www.ccgp.gov.cn/cggg/dfgg/zbgg/202207/t20220725_18327723.htm,1,1,,北京乐尔乐科贸有限责任公司中标成交,,101中学提前下达2022年市对区促进教育事业均衡发展转移支付综合奖补-计算机教室设备,,,北京市第一〇一中学怀柔分校,北京市怀柔区雁栖经济开发区乐园大街31号北侧,"陈老师,010-61661799",,北京盛和永益工程咨询有限公司,北京市怀柔区迎宾南路11号五幢二层2213室,刘工，010-536069383,,1
11011622210200000943-XM001,2022年07月25日 17:22,http://www.ccgp.gov.cn/cggg/dfgg/zbgg/202207/t20220725_18327726.htm,1,1,,北京乐尔乐科贸有限责任公司中标成交,,101中学提前下达2022年市对区促进教育事业均衡发展转移支付综合奖补-英语听说教室,,,北京市第一〇一中学怀柔分校,北京市怀柔区雁栖经济开发区乐园大街31号北侧,"陈老师,010-61661799",,北京盛和永益工程咨询有限公司,北京市怀柔区迎宾南路11号五幢二层2213室,刘工，010-536069383,,1
FG-DLP-2022-0608,2022年07月27日 10:31,http://www.ccgp.gov.cn/cggg/zygg/zbgg/202207/t20220727_18342369.htm,1,1,,北京益泰电子集团有限责任公司,北京市海淀区北洼路6号,北京师范大学附属中学演播室（录课教室）设备升级更新采购项目,405.6300000（万元）,,北京师范大学附属中学,北京市西城区南新华街18号,姚老师，010-83193000-7303,,北京泛华国金工程咨询有限公司,北京市海淀区阜外亮甲店1号恩济西园产业园16A,尹润坪、高春荣010-88504133-80313,,1
BMCC-ZC22-0239,2022年07月27日 17:24,http://www.ccgp.gov.cn/cggg/dfgg/zbgg/202207/t20220727_18348203.htm,1,1,,北京环宇通达科技有限公司,北京市海淀区上地三街9号E座10层1008室,北京石油化工学院2022年智慧校园正版化服务项目,17.5800000（万元）,,北京石油化工学院,北京市大兴区黄村清源北路19号,杨老师，010-81292071,,北京明德致信咨询有限公司,北京市海淀区学院路30号科大天工大厦A座6层15室,王爽、于歌、吕绍山，010-82370045、176110758293,,1
11000022210200014029-XM001,2022年07月28日 11:33,http://www.ccgp.gov.cn/cggg/dfgg/zbgg/202207/t20220728_18351563.htm,1,1,,北京蓝点兴业科技发展有限公司中标成交,,分类发展定额项目—设备购置-多媒体教室集中控制系统设备更新(2022年),,,北京建筑大学,北京市大兴区黄村镇永源路15号,"李老师、姚老师,010-61209117",,国金招标有限公司,北京市朝阳区东三环南路甲52号顺迈金钻国际商务中心9层9C,王珊珊、杨振豪、张含勇、边璐，010-562150503,,1
11000022210200008881-XM001,2022年07月29日 14:47,http://www.ccgp.gov.cn/cggg/dfgg/zbgg/202207/t20220729_18361224.htm,1,1,,北京宏远汇通网络科技有限公司中标成交,,多功能培训教室设备购置,,,北京市商业学校（北京祥龙资产经营有限责任公司党校）,北京市昌平区北七家镇曹八西路28号,"蔡晓贤,（010）81763264",,中招国际招标有限公司,北京市海淀区学院南路62号中关村资本大厦601A室,李振、张奕，（010）62108186、621081973,,1
0873-2201HW5L0240（清设招第2022116号）,2022年07月13日 17:09,http://www.ccgp.gov.cn/cggg/zygg/zbgg/202207/t20220713_18257300.htm,1,1,,北京市博汇科技股份有限公司,北京市海淀区丰贤中路7号(孵化楼)5层501,清华大学六教中控室信息化教学环境升级改造,405.2991000（万元）,,清华大学,北京市海淀区清华园,关老师010-62796244,,北京中教仪国际招标代理有限公司,北京市海淀区文慧园北路10号,施歌、王磊、杨硕、刘欣、谢杰、杨轶、陈清010-59893121、010-59893127、010-598931293,,1
GDXSD2022-B01,2022年07月15日 15:26,http://www.ccgp.gov.cn/cggg/dfgg/zbgg/202207/t20220715_18270849.htm,1,1,,珠海市冠奥家具有限公司,珠海市高新区唐家湾镇软件园路6号29栋304房,北京师范大学珠海校区教学楼教室活动桌椅采购,98.0135000（万元）,,北京师范大学珠海校区,广东省珠海市香洲区唐家湾镇金凤路18号,尤老师0756-3683857,,广东信仕德建设项目管理有限公司,珠海市香洲区银桦路337号202室（名街花园）,联系人：李海廷联系电话：0756-2533799-80383,,1
BIECC-22ZB0408,2022年07月15日 17:14,http://www.ccgp.gov.cn/cggg/zygg/zbgg/202207/t20220715_18273420.htm,1,1,,北京竹远科创科技股份有限公司,北京市海淀区上地三街9号D座7层D806-5,中国矿业大学（北京）学院路校区智慧教室建设项目,295.6626000（万元）,,中国矿业大学（北京）,北京市海淀区学院路丁11号,许老师，010-62331945,,北京国际工程咨询有限公司,北京市海淀区学院路30号科大天工大厦A座611,李博龙、朱晨钰010-823767253,,1
OITC-G220311197,2022年07月19日 12:23,http://www.ccgp.gov.cn/cggg/zygg/zbgg/202207/t20220719_18288639.htm,"1,2,3",3,,"北京竹远科创科技股份有限公司,北京市博汇科技股份有限公司,北京伟森盛业家具有限公司","北京市朝阳区仓营村0号华成文创园3-1,北京市海淀区铃兰路8号院万科翠湖国际北1号楼,北京市朝阳区下甸甲三号尚8广告园三单元地下一层",北京大学第一教学楼智慧教室改造招标采购项目,"357.1680000（万元）,186.2991000（万元）,182.4667000（万元）",,北京大学,北京市海淀区颐和园路5号,吴老师010-62758587,,东方国际招标有限责任公司,北京市海淀区西三环北路甲2号院科技园6号楼13层01室,王军、郭宇涵、李雯；010-682905083,,1
11000022210200012975-XM001,2022年07月19日 14:33,http://www.ccgp.gov.cn/cggg/dfgg/zbgg/202207/t20220719_18289313.htm,1,1,,国通（北京）电信工程有限公司中标成交,,特高建设--食品安全与流通专业群实践基地（智慧教室）建设项目,,,北京商贸学校（北京市SPF技术研究与推广中心）,北京市大兴区南苑西红门路14号,"曹旭,010-60223907",,中招国际招标有限公司,北京市海淀区学院南路62号中关村资本大厦601A室,钱卉卉、郭睿、李振、刘雨婷、韩颖，010-62108186、621082463,,1
CTIETC-HWZB-2205011,2022年07月19日 15:37,http://www.ccgp.gov.cn/cggg/zygg/zbgg/202207/t20220719_18290218.htm,1,1,,北京竞业达数码科技股份有限公司,北京市海淀区银桦路60号院6号楼,北京航空航天大学老主楼智慧教室配套教学设备购置项目,1258.0000000（万元）,,北京航空航天大学,北京市海淀区学院路37号,宋老师010-82317597,,中贸国际工程招标（北京）有限公司,北京市丰台区西四环南路35号中都科技大厦516室,成凯、冯英山、陈雪松010-86203830、862038313,,1
11010822210200004029-XM001,2022年07月19日 16:06,http://www.ccgp.gov.cn/cggg/dfgg/zbgg/202207/t20220719_18290814.htm,1,1,,北京国绩科技有限公司中标成交,,[ID32052]北京理工大学附属中学智慧校园改造项目,,,北京理工大学附属中学,北京市海淀区车道沟东路1号,"李老师,010-53205802",,北京国际招标有限公司,北京市东城区朝阳门北小街71号,隋志亮、白辰、苏琳、李跃、游路群，电话：010-84045683（业务）；010-84045694（发票及退保证金）3,,1
拉财采【2022】12号（XZZB-TJGJ-CG-2022064）,2022年06月29日 10:24,http://www.ccgp.gov.cn/cggg/dfgg/zbgg/202206/t20220629_18166326.htm,1,1,,四川振云建筑工程有限公司,成都市青羊区正府街172号5层502号,拉萨北京实验中学教育资源改善及教学能力提升项目（学生教室改造提升、学生宿舍改造提升、校园整体文化提升）,546.2102900（万元）,,拉萨北京实验中学,拉萨市城关区蔡公堂路115号,拉萨北京实验中学13520690652,,天鉴国际工程管理有限公司,拉萨市城关区日月湖水景花园2区7排3号,许工158816550263,,1
11000022210200008781-XM001,2022年06月29日 13:49,http://www.ccgp.gov.cn/cggg/dfgg/zbgg/202206/t20220629_18167783.htm,1,1,,北京引航动力科技有限公司中标成交,,智慧教室第一期建设,,,北京市商业学校（北京祥龙资产经营有限责任公司党校）,北京市昌平区北七家镇曹八西路28号,"蔡老师,010-81763264",,北京中润达工程咨询有限公司,北京市丰台区宋家庄交通枢纽四层三区,付女士，010-87150241转87063,,1
[2022]BGC-410,2022年06月29日 17:49,http://www.ccgp.gov.cn/cggg/dfgg/zbgg/202206/t20220629_18171977.htm,1,1,,北京富源天成科技有限公司,北京市海淀区唐家岭村南2幢二层204,中国政法大学昌平校区多媒体教室改造项目（三期）,178.5860000（万元）,,中国政法大学,北京市昌平区府学路27号,仰老师，010-58909967,,北京国金管理咨询有限公司,北京市丰台区万丰路316号万开中心B座629室,陶雪娇、洪晰镁010-83666828转8099、185187022283,,1
11000022210200007876-XM002,2022年07月01日 11:13,http://www.ccgp.gov.cn/cggg/dfgg/zbgg/202207/t20220701_18183318.htm,1,1,,北京青湖科技有限公司中标成交,,信息应用创新多功能计算机实训室装修综合布线系统集成采购项目,,,北京市供销学校,北京市房山区兴东大街269号,"张维敏,80339665",,北京益行工程咨询有限公司,北京市大兴区双河北里东街甲1号,李英杰，602931803,,1
11011322210200001580-XM001,2022年07月04日 14:23,http://www.ccgp.gov.cn/cggg/dfgg/zbgg/202207/t20220704_18194053.htm,1,1,,北京华之峰智能技术有限公司中标成交,,顺义区教育系统保开学专用教室设备采购项目,,,北京市顺义区教育资产管理服务中心,北京市顺义区仁和镇庄头村北,"张蒙,010-69444342",,北京博睿丰工程咨询有限公司,北京市顺义区林河南大街9号院9号楼2层262室,金文玲、赵毛鹅，010-61409078、159011976303,,1
11011322210200001580-XM001,2022年07月04日 14:24,http://www.ccgp.gov.cn/cggg/dfgg/zbgg/202207/t20220704_18194050.htm,1,1,,北京赢科天地电子有限公司中标成交,,顺义区教育系统保开学专用教室设备采购项目,,,北京市顺义区教育资产管理服务中心,北京市顺义区仁和镇庄头村北,"张蒙,010-69444342",,北京博睿丰工程咨询有限公司,北京市顺义区林河南大街9号院9号楼2层262室,金文玲、赵毛鹅，010-61409078、159011976303,,1
HW-2022012-MD0135,2022年07月04日 16:20,http://www.ccgp.gov.cn/cggg/zygg/zbgg/202207/t20220704_18196388.htm,1,1,,北京鑫台华科技有限公司,北京市丰台区科学城星火路10号1号楼4层451室,中央财经大学教室中控升级改造采购项目,66.9000000（万元）,,中央财经大学,北京海淀区学院南路39号,闫老师；010-62289113,,北京明德致信咨询有限公司,北京市海淀区学院路30号科大天工大厦A座六层16室（邮编：100083）,刘亚运、颜华、吕绍山、王爽，010-82370045、159108478653,,1
0873-2201HW5L0274,2022年07月05日 15:53,http://www.ccgp.gov.cn/cggg/zygg/zbgg/202207/t20220705_18204318.htm,1,1,,北京鑫台华科技有限公司,北京市丰台区科学城星火路10号1号楼4层451室,北京大学医学部网络中央控制器、控制面板等采购项目,349.9430000（万元）,,北京大学医学部,北京市海淀区学院路38号,凌老师，010-82801359,,北京中教仪国际招标代理有限公司,北京市海淀区文慧园北路10号,施歌、王磊、杨硕、刘欣，010-59893121、010-59893127、010-598931293,,1
XHTC-HW-2022-0612,2022年07月06日 09:26,http://www.ccgp.gov.cn/cggg/zygg/zbgg/202207/t20220706_18208986.htm,1,1,,北京晨光溢海数码科技有限公司,北京市通州区新华北街75号,中国人民大学2022年公共教室多媒体设备升级改造项目,303.0000000（万元）,,中国人民大学,北京市海淀区中关村大街59号,肖老师010-62511204,,新华招标有限公司,北京市海淀区莲花池东路39号西金大厦11层新华招标,唐靖凯010-63905975、张际阳010-639059723,,1
11000022210200013825-XM001,2022年07月06日 14:35,http://www.ccgp.gov.cn/cggg/dfgg/zbgg/202207/t20220706_18211052.htm,1,1,,北京悦诚铭达科技有限公司中标成交,,北京工业职业技术学院双高建设-智慧教室建设,,,北京工业职业技术学院,北京市石景山区石门路368号,"邬老师,010-51511150",,华采招标集团有限公司,北京市丰台区广安路9号国投财富广场6号楼1601室,贾东敏、郝丹丹、姚冲、刘金秀，186122878133,,1
11011522210200001787-XM001,2022年07月07日 10:36,http://www.ccgp.gov.cn/cggg/dfgg/zbgg/202207/t20220707_18217466.htm,1,1,,北京博诚众恒科技发展有限公司中标成交,,北京市海淀区翠微小学大兴分校专业教室设备采购项目,,,北京市海淀区翠微小学大兴分校,北京市大兴区庞各庄镇隆昌大街北段,"聂博闻,68213338-2011",,北京盛达盈标工程管理有限公司,北京市大兴区黄村镇清澄名苑北区27号楼C座1702室,张迎春，010-692288753,,1
11000022210200009456-XM002,2022年07月07日 17:32,http://www.ccgp.gov.cn/cggg/dfgg/zbgg/202207/t20220707_18222546.htm,1,1,,北京蓝海达信科技有限公司中标成交,,改善办学保障条件—北京信息科技大学新校区一组团教室智慧教学应用系统建设项目（新竣工楼配套）-智慧互动教学分包,,,北京信息科技大学,北京市海淀区清河小营东路12号,"杨老师,010-82426861",,永明项目管理有限公司,北京市丰台区广安路9号院国投财富广场3号楼15A13室,吴茹群、于淼、王菲菲、秦铁仓、王文革，010-63268382转8004/80053,,1
11000022210200009456-XM001,2022年07月07日 18:08,http://www.ccgp.gov.cn/cggg/dfgg/zbgg/202207/t20220707_18223286.htm,1,1,,北京视通天地科技发展有限公司中标成交,,改善办学保障条件—北京信息科技大学新校区一组团教室智慧教学应用系统建设项目（新竣工楼配套）-专业教室建设分包,,,北京信息科技大学,北京市海淀区清河小营东路12号,"杨老师,010-82426861",,新华招标有限公司,北京市海淀区莲花池东路39号西金大厦11层,张际阳、唐靖凯，010-639059723,,1
11000022210200007878-XM002,2022年07月08日 15:32,http://www.ccgp.gov.cn/cggg/dfgg/zbgg/202207/t20220708_18228106.htm,1,1,,北京百讯聚力科技有限公司中标成交,,电子商务专业直播实训室建设装修综合布线系统集成项目,,,北京市供销学校,北京市房山区兴东大街277号,"张伟,80339665",,北京精信嘉业建筑咨询有限公司,北京市大兴区宏业东路2号院鸿坤金融谷15号楼北座3层,宋立明，159014072433,,1
11000022210200013818-XM001,2022年07月08日 19:29,http://www.ccgp.gov.cn/cggg/dfgg/zbgg/202207/t20220708_18232586.htm,1,1,,北京晨光溢海数码科技有限公司中标成交,,改善办学保障条件-良乡校区教室及配套保障设施改造项目,,,北京工商大学,北京市海淀区阜成路11号和33号（航天桥东）,"苏老师,010-68984323",,中天信远国际招投标咨询(北京)有限公司,北京市朝阳区南磨房路37号华腾北搪商务大厦11层1112室,成志凯、周姗、王师安、鲁智慧，010-519090153,,1
11011222210200002011-XM002,2022年07月11日 16:57,http://www.ccgp.gov.cn/cggg/dfgg/zbgg/202207/t20220711_18239596.htm,"1,2",2,,"北京华裕众诚科技有限公司中标成交,北京市丽日办公用品有限责任公司中标成交",,北京拔萃骏源学校专业教室及学科设备购置项目--分散采购部分,,,北京拔萃骏源学校,北京市通州区马驹桥镇,"张老师,010-60599055",,中国远东国际招标有限公司,北京市朝阳区和平街东土城路甲9号,张先生，010-644892753,,1
11000022210200011901-XM001,2022年07月11日 17:54,http://www.ccgp.gov.cn/cggg/dfgg/zbgg/202207/t20220711_18241093.htm,1,1,,北京优扬新宇科技有限公司中标成交,,改善办学保障条件-新校区建设配套-播音主持专业演播棚及专业教室设备购置,,,北京电影学院,北京市海淀区西土城路4号,"肖老师,010-82283228",,国金招标有限公司,北京市朝阳区东三环南路甲52号顺迈金钻国际商务中心9层9C,张金鑫、杨振豪、王鑫、王珊珊、张含勇，010-562269763,,1
HW-2022011-MD0134,2022年07月12日 10:06,http://www.ccgp.gov.cn/cggg/zygg/zbgg/202207/t20220712_18243979.htm,1,1,,北京悦诚铭达科技有限公司,北京市昌平区黄平路19号院2号6层603-C,中央财经大学教室、会议室多媒体设备升级改造采购项目,49.8915000（万元）,,中央财经大学,北京海淀区学院南路39号,闫老师；010-62289113,,北京明德致信咨询有限公司,北京市海淀区学院路30号科大天工大厦A座六层16室（邮编：100083）,刘亚运、颜华、吕绍山、王爽，010-82370045、159108478653,,1
11000022210200012678-XM001,2022年07月12日 16:39,http://www.ccgp.gov.cn/cggg/dfgg/zbgg/202207/t20220712_18248067.htm,1,1,,北京跃创想科技有限公司中标成交,,励学楼、瀚学楼小教室多媒体更新改造,,,北方工业大学,北京市石景山区晋元庄路5号,"刘海燕,88803417",,北京宏信天诚国际招标有限公司,北京市海淀区复兴路乙12号中国铝业大厦11层1110室,修海龙，010-639612103,,1
BIECC-22ZB0400,2022年07月12日 19:41,http://www.ccgp.gov.cn/cggg/zygg/zbgg/202207/t20220712_18250656.htm,1,1,,北京银盾保安服务有限公司,北京市昌平区北七家镇曹碾村3号,中国地质大学(北京)2022—2024年科研楼、学17楼消防中控管理服务,197.7600000（万元）,,中国地质大学（北京）,北京市海淀区学院路29号,田老师，010-82323930,,北京国际工程咨询有限公司,北京市海淀区学院路30号科大天工大厦A座611,李博龙、朱晨钰010-823767253,,1
DSY202205-17,2022年05月31日 14:16,http://www.ccgp.gov.cn/cggg/dfgg/zbgg/202205/t20220531_17996258.htm,1,1,,中科讯飞互联（北京）信息科技有限公司,北京市海淀区西北旺东路10号院东区5号楼3层311-2,专用设备及材料购置项目-首师大附中计算机教室设备购置,65.8000000（万元）,,首都师范大学附属中学,北京市海淀区北洼路33号,李老师010-68900560,,北京德盛源咨询有限公司,北京市西城区德胜门外大街36号楼德胜凯旋B座6层605,李艳010-820973393,,1
CFTC-BJ01-2204051,2022年06月01日 18:12,http://www.ccgp.gov.cn/cggg/zygg/zbgg/202206/t20220601_18008343.htm,1,1,,北京蓝海达信科技有限公司,北京市海淀区上地三街9号D座7层D806-1,多媒体教室及报告厅服务保障,55.8000000（万元）,,北京第二外国语学院,北京市朝阳区定福庄南里1号,李老师010-65778012,,国金招标有限公司,北京市朝阳区东三环南路甲52号顺迈金钻国际商务中心9层9C,边璐杨振豪王珊珊张含勇010-562150503,,1
11000022210200009551-XM001,2022年06月02日 10:57,http://www.ccgp.gov.cn/cggg/dfgg/zbgg/202206/t20220602_18010939.htm,1,1,,北京云安网联科技有限公司中标成交,,轨道交通VR仿真实训室项目其他计算机设备及软件采购项目,,,北京市仪器仪表高级技工学校（北京中德职业技能公共实训中心）,北京市海淀区北清路158号,"刘老师,010-62403080",,国金招标有限公司,北京市朝阳区东三环南路甲52号顺迈金钻国际商务中心9层9C,杨振豪、张金鑫、王鑫、王珊珊、张含勇，010-562269763,,1
DSY202205-16,2022年06月06日 09:57,http://www.ccgp.gov.cn/cggg/dfgg/zbgg/202206/t20220606_18020130.htm,1,1,,北京环铁兴业建筑安装有限责任公司,北京市昌平区东小口镇中东路5号院1号18层1808,基础设施改造-教学业务用房等修缮类项目-首师大附中计算机教室改造工程,83.5270380（万元）,,首都师范大学附属中学,北京市海淀区北洼路33号,李老师010-68900560,,北京德盛源咨询有限公司,北京市西城区德胜门外大街36号楼德胜凯旋B座6层605,李艳010-820973393,,1
11000022210200007868-XM001,2022年06月07日 16:30,http://www.ccgp.gov.cn/cggg/dfgg/zbgg/202206/t20220607_18032709.htm,1,1,,北京众诚天合科技有限公司中标成交,,家具设计与制造专业实训室建设项目,,,北京市经贸高级技术学校,北京市房山区兴东大街269号,"李泽阳,80339665",,北京益行工程咨询有限公司,北京市大兴区双河北里东街甲1号,李响，602931803,,1
0873-2201HW5L0138,2022年06月08日 19:12,http://www.ccgp.gov.cn/cggg/zygg/zbgg/202206/t20220608_18043512.htm,1,1,,北京时代文仪家具有限公司,北京市通州区榆景东路5号院28号楼1层101,北京大学医学图书馆家具(阅览桌椅、学术研讨室桌椅、讲台类)采购项目,262.6780000（万元）,,北京大学医学部,北京市海淀区学院路38号,凌老师，010-82801359,,北京中教仪国际招标代理有限公司,北京市海淀区文慧园北路10号,施歌、王磊、杨硕、刘欣，010-59893121、010-59893127、010-598931293,,1
XHTC-FW-2022-0750,2022年06月10日 10:36,http://www.ccgp.gov.cn/cggg/dfgg/zbgg/202206/t20220610_18052740.htm,1,1,,北京恒辉嘉信科技有限公司,北京市海淀区中关村南大街2号B座7层801-2,北京石油化工学院2022年智慧校园网络信息安全运维服务,68.6000000（万元）,,北京石油化工学院,北京市大兴区黄村清源北路19号,杨老师010-81292071,,新华招标有限公司,北京市海淀区莲花池东路39号西金大厦11层新华招标,张际阳010-63905972（项目问询）、唐靖凯010-63905975、tangjingkai@xhtc.com.cn（报名、保证金、发票咨询）3,,1
11010822210200002093-XM001,2022年06月10日 16:25,http://www.ccgp.gov.cn/cggg/dfgg/zbgg/202206/t20220610_18056397.htm,1,1,,北京新晨阳光科技有限公司中标成交,,[ID31650]北京市海淀区上地实验小学安防监控及AI人工智能教室系统建设项目,,,北京市海淀区上地实验小学,北京市海淀区上地东里五区,"吕主任,62963482",,北京国际招标有限公司,北京市东城区朝阳门北小街71号,苏琳、白辰、隋志亮、梁东煜、游路群，010-84046631（业务咨询）；010-84045694（发票及退保证金）3,,1
11000022210200011631-XM001,2022年06月13日 16:48,http://www.ccgp.gov.cn/cggg/dfgg/zbgg/202206/t20220613_18066818.htm,1,1,,北京金晟时代科技有限责任公司中标成交,,改善办学保障条件—教三楼教室及配套保障设施改造（桌椅）,,,北京工商大学,北京市海淀区阜成路33号,"杨老师,68984323",,国金招标有限公司,北京市朝阳区东三环南路甲52号顺迈金钻国际商务中心9层9C,吴丹、张含勇、王珊珊、杨振豪，010-562150503,,1
11011322210200001580-XM001,2022年06月14日 17:38,http://www.ccgp.gov.cn/cggg/dfgg/zbgg/202206/t20220614_18076543.htm,1,1,,北京书中书科技有限公司中标成交,,顺义区教育系统保开学专用教室设备采购项目,,,北京市顺义区教育资产管理服务中心,北京市顺义区仁和镇庄头村北,"张蒙,010-69444342",,北京博睿丰工程咨询有限公司,北京市顺义区林河南大街9号院9号楼2层262室,金文玲、赵毛鹅，010-61409078、159011976303,,1
11011322210200001580-XM001,2022年06月14日 17:39,http://www.ccgp.gov.cn/cggg/dfgg/zbgg/202206/t20220614_18076562.htm,1,1,,北京世纪京洲家具有限责任公司中标成交,,顺义区教育系统保开学专用教室设备采购项目,,,北京市顺义区教育资产管理服务中心,北京市顺义区仁和镇庄头村北,"张蒙,010-69444342",,北京博睿丰工程咨询有限公司,北京市顺义区林河南大街9号院9号楼2层262室,金文玲、赵毛鹅，010-61409078、159011976303,,1
11011322210200001580-XM001,2022年06月14日 17:39,http://www.ccgp.gov.cn/cggg/dfgg/zbgg/202206/t20220614_18076583.htm,1,1,,北京华育新创科教设备有限公司中标成交,,顺义区教育系统保开学专用教室设备采购项目,,,北京市顺义区教育资产管理服务中心,北京市顺义区仁和镇庄头村北,"张蒙,010-69444342",,北京博睿丰工程咨询有限公司,北京市顺义区林河南大街9号院9号楼2层262室,金文玲、赵毛鹅，010-61409078、159011976303,,1
11011322210200001580-XM001,2022年06月14日 17:39,http://www.ccgp.gov.cn/cggg/dfgg/zbgg/202206/t20220614_18076670.htm,1,1,,北京东方中科达科技有限公司中标成交,,顺义区教育系统保开学专用教室设备采购项目,,,北京市顺义区教育资产管理服务中心,北京市顺义区仁和镇庄头村北,"张蒙,010-69444342",,北京博睿丰工程咨询有限公司,北京市顺义区林河南大街9号院9号楼2层262室,金文玲、赵毛鹅，010-61409078、159011976303,,1
ZBXM20220505150406/TC221902Q,2022年06月16日 15:30,http://www.ccgp.gov.cn/cggg/zygg/zbgg/202206/t20220616_18089841.htm,1,1,,北京竞业达数码科技股份有限公司,北京市门头沟区石龙工业区雅安路6号院1号楼C座8层805,北京中医药大学和平街校区学八楼教室建设项目,286.9000000（万元）,,北京中医药大学,北京市朝阳区北三环东路11号,胡老师，010-53911758,,中招国际招标有限公司,北京市海淀区学院南路62号中关村资本大厦,蒋雪娜、陈思佳、张涵睿、孙慧、邓嘉莹，010-61954120、621082713,,1
0873-2201HW6L0237,2022年06月17日 15:14,http://www.ccgp.gov.cn/cggg/zygg/zbgg/202206/t20220617_18097714.htm,1,1,,成都泰盟软件有限公司,中国（四川）自由贸易试验区成都高新区天府大道中段1388号1幢1106号,北京大学医学部三面屏环绕沉浸式实训室采购项目,80.0000000（万元）,,北京大学医学部,北京市海淀区学院路38号,凌老师010-82801359,,北京中教仪国际招标代理有限公司,北京市海淀区文慧园北路10号,王磊、刘欣、施歌、杨硕010-59893127、010-59893109、010-598931293,,1
HCZB-2022-ZB0473,2022年06月20日 18:16,http://www.ccgp.gov.cn/cggg/zygg/zbgg/202206/t20220620_18111633.htm,1,1,,北京竹远科创科技股份有限公司,北京市海淀区上地三街9号D座7层D806-5,华北电力大学教室多媒体教学设备升级项目,95.8120000（万元）,,华北电力大学,北京市昌平区回龙观北农路2号,张老师010-61772996,,华采招标集团有限公司,北京市丰台区广安路9号国投财富广场6号楼1601室,贾东敏、蒲晓芳010-63509799-8112/80243,,1
11011422210200001095-XM001,2022年06月21日 11:04,http://www.ccgp.gov.cn/cggg/dfgg/cjgg/202206/t20220621_18114247.htm,1,1,,北京金山顶尖科技股份有限公司中标成交,,高水平专业-新媒体产教融合实训室建设项目其他服务采购项目,,,北京市昌平职业学校,北京市昌平区沙河镇松兰路6号院,"王琪,80713178",,北京昌珹工程管理有限公司,北京市昌平区城北街道振兴路10号创客梦工场1号楼三层235室,张晓旭，189107500653,,1
11000022210200008821-XM001,2022年06月21日 18:15,http://www.ccgp.gov.cn/cggg/dfgg/zbgg/202206/t20220621_18120067.htm,1,1,,北京五洲驭新科技有限公司中标成交,,职业教育创新发展-实训基地（实训室）建设-绿色校园校园光伏储能一体化系统项目其他电力工业专用设备采购项目,,,北京铁路电气化学校,北京市昌平区南口镇文化路1号,"武永红,60797798",,中瑞博信项目管理集团有限公司,北京市昌平区龙祥制版集团工业园2号院1号楼2-212,张路偊，136411155143,,1
HCZB-2022-ZB0523,2022年06月22日 12:37,http://www.ccgp.gov.cn/cggg/zygg/zbgg/202206/t20220622_18123843.htm,1,1,,北京竹远科创科技股份有限公司,北京市海淀区上地三街9号D座7层D806-5,北京科技大学多媒体教室设备升级改造,275.6000000（万元）,,北京科技大学,北京市海淀区学院路30号,何老师010-62332135,,华采招标集团有限公司,北京市丰台区广安路9号国投财富广场6号楼1601室,贾东敏、蒲晓芳、姚冲、刘金秀010-63509799-8112/80243,,1
BIECC-22ZB0370/清设招第2022131号,2022年06月27日 16:36,http://www.ccgp.gov.cn/cggg/zygg/zbgg/202206/t20220627_18153291.htm,1,1,,北京格林视讯科技有限公司,北京市海淀区三里河路1号3号楼二层5324,清华大学附属中学B106教室音视频系统升级改造项目,93.0000000（万元）,,清华大学,北京市海淀区清华大学，邮编100084,010-62789532,,北京国际工程咨询有限公司,北京市海淀区学院路30号科大天工大厦A座611,王蕾蕾、杨梦雪010-823735323,,1
0873-2201HW4L0261,2022年06月29日 07:43,http://www.ccgp.gov.cn/cggg/zygg/zbgg/202206/t20220629_18165576.htm,1,1,,北京基线天成科技有限公司,北京市海淀区东北旺西路8号院25号楼4层428室,中国人民大学1302教室优化升级购置项目,178.8000000（万元）,,中国人民大学,北京市海淀区中关村大街59号,苏老师010-62511204,,北京中教仪国际招标代理有限公司,北京市海淀区文慧园北路10号,陆炜、韩寿国、丁玲、蒋旭010-59893116、3123、31253,,1
11000022210200001183-XM002,2022年04月02日 11:48,http://www.ccgp.gov.cn/cggg/dfgg/zbgg/202204/t20220402_17732533.htm,1,1,,北京博育未来科技有限公司中标成交,,双高项目-信息安全与管理专业群-信息安全评估实训室项目信息安全软件采购项目,,,北京信息职业技术学院（北京市电子工业党校）,北京市朝阳区芳园西路5号,"纪兆华,85305678",,北京市京发招标有限公司,北京市东城区崇文门外大街90号703室,薛一凡，671508383,,1
11000022210200002196-XM001,2022年04月02日 13:11,http://www.ccgp.gov.cn/cggg/dfgg/zbgg/202204/t20220402_17732788.htm,1,1,,百科荣创（北京）科技发展有限公司中标成交,,嵌入式技术创新实训室建设项目(双高),,,北京电子科技职业学院,北京市经济开发区凉水河一街9号,"闫永亮,010-87220943",,新华招标有限公司,北京市海淀区莲花池东路39号西金大厦11层,唐靖凯、张际阳，010-63905975、010-639059723,,1
11000022210200002208-XM001,2022年04月21日 09:34,http://www.ccgp.gov.cn/cggg/dfgg/zbgg/202204/t20220421_17801043.htm,1,1,,北京众诚天合科技有限公司中标成交,,图形工作站实训室建设(双高),,,北京电子科技职业学院,北京经济技术开发区凉水河一街9号,"闫老师,010-87220943",,中钰招标代理有限公司,北京市丰台区东旭国际中心C座11层1106室,朱艳梅、刘晶晶、李倩、王世杰、楼雅静、卢雪、张书玲，010-60624505转807或8163,,1
11010822210200000516-XM001,2022年04月25日 17:16,http://www.ccgp.gov.cn/cggg/dfgg/zbgg/202204/t20220425_17823996.htm,1,1,,北京东方中科达科技有限公司中标成交,,北京市上地实验学校九年一贯制改扩建配套教室设备及家具购置,,,北京市上地实验学校,北京市海淀区上地二街3号,"陈老师,010-62975190-3025",,北京国际招标有限公司,北京市东城区朝阳门北小街71号,隋志亮、白辰、苏琳、李跃、游路群，电话：010-84045683（业务）；010-84045694（发票及退保证金）3,,1
11000022210200008954-XM001,2022年05月07日 16:19,http://www.ccgp.gov.cn/cggg/dfgg/zbgg/202205/t20220507_17871905.htm,1,1,,北京至成恒业科技发展有限公司中标成交,,国际城市交通服务专业群建设-实训室民航模块升级改造,,,北京市对外贸易学校,北京市朝阳区来广营水岸南街1号院,",84922517",,北京汇诚金桥国际招标咨询有限公司,北京市东城区朝内大街南竹竿杆胡同6号北京INN3号楼9层,郭文娜、张洁淳，652447293,,1
11000022210200008986-XM001,2022年05月07日 16:19,http://www.ccgp.gov.cn/cggg/dfgg/zbgg/202205/t20220507_17871910.htm,1,1,,北京世纪超星信息技术发展有限责任公司中标成交,,国际商务服务专业群-智慧教室建设,,,北京市对外贸易学校,北京市朝阳区来广营水岸南街1号院,",84923065",,北京汇诚金桥国际招标咨询有限公司,北京市东城区朝内大街南竹竿杆胡同6号北京INN3号楼9层,张洁淳，010-652447293,,1
11000022210200007754-XM001,2022年05月09日 13:09,http://www.ccgp.gov.cn/cggg/dfgg/zbgg/202205/t20220509_17877444.htm,1,1,,人卫嘉奕（上海）医学科技有限公司中标成交,,护理专业实训室建设采购项目,,,北京劳动保障职业学院,北京市朝阳区惠新东街5号(南校区),"李老师,010-64941931",,中天信远国际招投标咨询(北京)有限公司,北京市朝阳区南磨房路37号华腾北搪商务大厦11层1112室,成志凯、周姗、王师安、鲁智慧，134262008683,,1
11010822210200003050-XM001,2022年05月12日 14:26,http://www.ccgp.gov.cn/cggg/dfgg/zbgg/202205/t20220512_17898683.htm,1,1,,北京果果乐学科技有限公司中标成交,,[ID34296]北京市海淀区中关村第一小学科学城分校智慧校园（一期）建设其他服务采购项目,,,北京市海淀区中关村第一小学科学城分校,北京市海淀区温泉镇向山路,"邓翼涛,010-62551906",,北京科技园拍卖招标有限公司,北京市海淀区万柳光大西园6号楼,王思洋，82575731转2243,,1
11000022210200008040-XM001,2022年05月12日 14:32,http://www.ccgp.gov.cn/cggg/dfgg/zbgg/202205/t20220512_17898756.htm,1,1,,北京凌文众达科技有限公司中标成交,,改善办学条件软件教学实训室建设采购项目,,,北京劳动保障职业学院,北京市朝阳区惠新东街5号,"李老师,64941931",,北京国际工程咨询有限公司,北京市海淀区学院路30号科大天工大厦A座611室,仇老师，823727703,,1
11000022210200006340-XM001,2022年05月16日 14:58,http://www.ccgp.gov.cn/cggg/dfgg/zbgg/202205/t20220516_17914103.htm,1,1,,北京兴塔科技有限公司中标成交,,职业教育创新发展-实训基地（实训室）建设—金属3D打印实训室建设项目教学专用仪器采购项目,,,北京市自动化工程学校,北京市朝阳区德胜门外双泉堡白庙路甲2号,"易楠,64842057",,北京海德伟业人力资源管理咨询有限公司,北京市石景山区苹果园路28号中铁创业大厦A座803B,孙鹏，823186883,,1
11000022210200006339-XM001,2022年05月16日 14:58,http://www.ccgp.gov.cn/cggg/dfgg/zbgg/202205/t20220516_17914110.htm,1,1,,北京京西时代科技有限公司中标成交,,职业教育创新发展-实训基地（实训室）建设—文物复制工作室建设项目教学专用仪器采购项目,,,北京市自动化工程学校,北京市朝阳区德胜门外双泉堡白庙路甲2号,"易楠,64842057",,北京海德伟业人力资源管理咨询有限公司,北京市石景山区苹果园路28号中铁创业大厦A座803B,孙鹏，823186883,,1
LL-ZB-2022-004,2022年05月17日 11:02,http://www.ccgp.gov.cn/cggg/dfgg/zbgg/202205/t20220517_17920213.htm,1,1,,北京尚德慧聚科技有限公司,北京市房山区良乡凯旋大街建设路18号-D8080,首都经济贸易大学多媒体教室维护服务,59.6000000（万元）,,首都经济贸易大学,北京市丰台区花乡张家路口121号,陈老师，010-83952482,,北京奇泰桥工程技术咨询有限公司,北京市丰台区七里庄4号院1号楼2007室,张女士，83836797150102954583,,1
11000022210200008077-XM001,2022年05月18日 15:24,http://www.ccgp.gov.cn/cggg/dfgg/zbgg/202205/t20220518_17929311.htm,1,1,,北京政扬致冠科技有限公司中标成交,,精品录播教室建设,,,北京印刷学院,北京市大兴区兴华大街（二段）1号,"周同鑫,010-60261071",,中技国际招标有限公司,北京市西三环中路90号通用技术大厦,陈刚，010-633484933,,1
KJY20220679,2022年05月20日 09:28,http://www.ccgp.gov.cn/cggg/dfgg/zbgg/202205/t20220520_17940370.htm,1,1,,北京城建北方集团有限公司,北京市顺义区牛栏山镇牛板路2号,教学业务用房等修缮类项目-北京第一实验学校专业教室装修改造,3389.8934490（万元）,,北京第一实验学校,北京市通州区宋庄疃里南区55号楼,联系人：林森，电话：010-89591465,,北京科技园拍卖招标有限公司,北京市海淀区万柳光大西园6号楼,联系人：陈冲锋，电话：185117050703,,1
11000022210200004518-XM001,2022年05月25日 15:57,http://www.ccgp.gov.cn/cggg/dfgg/zbgg/202205/t20220525_17967419.htm,1,1,,北京知行捷云科技有限公司中标成交,,特高项目-软件与信息服务专业群-大数据创新应用实训室建设项目行业应用软件开发服务采购项目,,,北京信息职业技术学院（北京市电子工业党校）,北京市朝阳区芳园西路5号,"张治斌,85305707",,中海华咨询有限公司,北京市东城区新中街68号聚龙花园1号楼101,许鹏飞，010-856375863,,1
11000022210200004239-XM001,2022年05月25日 15:57,http://www.ccgp.gov.cn/cggg/dfgg/zbgg/202205/t20220525_17967424.htm,1,1,,北京金戈大通通信技术有限公司中标成交,,双高项目-信息安全与管理专业群-5G移动通信网络实训室建设项目,,,北京信息职业技术学院（北京市电子工业党校）,北京市朝阳区芳园西路5号,"纪兆华,85305678",,中海华咨询有限公司,北京市东城区新中街68号聚龙花园1号楼101,许鹏飞，010-856375863,,1
PXM2021_014261_000011-JH001-XM001,2022年02月16日 11:26,http://www.ccgp.gov.cn/cggg/dfgg/zbgg/202202/t20220216_17595793.htm,1,1,,鑫源恒升（北京）科技有限公司中标成交,,职业教育创新发展—实训基地（实训室）建设—天佑工程师核心素养教育基地建设教学专用仪器采购项目,,,北京铁路电气化学校,北京市昌平区南口镇文化路1号,"李老师,010-60797798",,国金招标有限公司,北京市朝阳区东三环南路甲52号顺迈金钻国际商务中心9层9C,杨振豪、张金鑫，010-562269763,,1
PXM2021_014261_000011-JH002-XM001,2022年02月16日 11:31,http://www.ccgp.gov.cn/cggg/dfgg/zbgg/202202/t20220216_17595862.htm,"1,2,3",3,,"北京京鸿鸿运科技发展有限公司中标成交,北京融信华泰软件技术有限公司中标成交,亮剑开拓科技发展（北京）有限公司中标成交",,职业教育创新发展—实训基地(实训室)建设—天佑工程师核心素养教育基地建设教学专用仪器采购项目,,,北京铁路电气化学校,北京市昌平区南口镇文化路1号,"李老师,010-60797798",,国金招标有限公司,北京市朝阳区东三环南路甲52号顺迈金钻国际商务中心9层9C,杨振豪、张金鑫，010-562269763,,1
0610-2241NH020027,2022年03月16日 17:27,http://www.ccgp.gov.cn/cggg/dfgg/zbgg/202203/t20220316_17675302.htm,1,1,,北京正世科技有限公司,,北京理工大学附属中学教学设备采购及录课教室建设,,,北京理工大学附属中学,北京市海淀区车道沟东路1号,刘老师010-53205801,,北京国际招标有限公司,北京市东城区朝阳门北小街71号,隋志亮、白辰、苏琳、李跃、游路群010-84045683（业务咨询）；010-84045694（发票及退保证金）3,,1
11000022210200001078-XM001,2022年03月25日 15:13,http://www.ccgp.gov.cn/cggg/dfgg/zbgg/202203/t20220325_17703940.htm,1,1,,中国建筑设计研究院有限公司、EDUCATIONDESIGNINTERNATIONALINC联合体中标成交,,教学业务用房等修缮类项目-北京第一实验学校专业教室装修改造（设计）,,,北京第一实验学校,北京市通州区宋庄疃里南区55号楼,"林森,010-88628022",,北京科技园拍卖招标有限公司,北京市海淀区万柳光大西园6号楼,王思洋，139102387833,,1
BIECC-22ZB0080/清设招第2022029,2022年03月25日 18:00,http://www.ccgp.gov.cn/cggg/zygg/zbgg/202203/t20220325_17705959.htm,1,1,,北京全德隆创意家具有限公司,北京市通州区张家湾镇后街村236号,清华大学附属小学双清苑校区教学家具专用教室家具采购项目,321.2120000（万元）,,清华大学,北京市海淀区清华大学，邮编100084,郭老师62781772,,北京国际工程咨询有限公司,北京市海淀区学院路30号科大天工大厦A座611,王蕾蕾、刘佳、梁超010-823735323,,1
11000022210200004912-XM001,2022年04月01日 14:33,http://www.ccgp.gov.cn/cggg/dfgg/zbgg/202204/t20220401_17728345.htm,1,1,,北京众邦互联科技有限公司中标成交,,曹妃甸实训基地VR虚拟现实实训教室设备采购项目其他终端设备采购项目,,,北京市工艺美术高级技工学校,北京市昌平区马池口镇白浮村,"王老师,010-60773939",,北京国际招标有限公司,北京市东城区朝阳门北小街71号,胡家俊；隋志亮；白辰；苏琳；游路群，840466303,,1